ts_code,trade_date,open,high,low,close,pre_close,change,pct_chg,vol,amount
601336.SH,20200102,50.05,51.35,50.05,50.85,49.15,1.7,3.4588,321391.99,1635438.826
601336.SH,20200103,51.0,51.8,50.53,50.94,50.85,0.09,0.177,181738.9,931414.047
601336.SH,20200106,50.84,51.15,49.96,50.21,50.94,-0.73,-1.4331,189800.0,960694.413
601336.SH,20200107,50.29,51.05,50.29,50.66,50.21,0.45,0.8962,108620.29,550396.324
601336.SH,20200108,50.3,50.34,49.56,49.6,50.66,-1.06,-2.0924,122562.25,611719.377
601336.SH,20200109,50.3,50.68,49.96,50.39,49.6,0.79,1.5927,82601.18,415535.256
601336.SH,20200110,50.62,50.98,50.07,50.32,50.39,-0.07,-0.1389,84766.99,428336.065
601336.SH,20200113,50.21,51.25,50.04,51.25,50.32,0.93,1.8482,132639.6,673146.095
601336.SH,20200114,51.24,51.83,50.82,50.83,51.25,-0.42,-0.8195,118814.31,609835.777
601336.SH,20200115,50.73,51.24,50.37,50.7,50.83,-0.13,-0.2558,78935.09,400344.808
601336.SH,20200116,50.7,50.94,49.96,50.01,50.7,-0.69,-1.3609,85864.95,432178.755
601336.SH,20200117,50.25,50.57,49.82,50.07,50.01,0.06,0.12,76273.08,382562.57
601336.SH,20200120,50.51,51.73,50.5,51.13,50.07,1.06,2.117,132378.25,677804.876
601336.SH,20200121,50.7,50.88,49.42,49.49,51.13,-1.64,-3.2075,168696.45,839635.156
601336.SH,20200122,49.3,49.68,48.31,49.44,49.49,-0.05,-0.101,110183.91,540520.455
601336.SH,20200123,48.89,49.25,47.76,47.99,49.44,-1.45,-2.9328,136914.38,662323.167
601336.SH,20200203,43.19,44.98,43.19,43.58,47.99,-4.41,-9.1894,269291.15,1180689.844
601336.SH,20200204,43.91,46.1,43.9,45.8,43.58,2.22,5.0941,214643.94,972072.647
601336.SH,20200205,45.8,46.33,45.3,45.51,45.8,-0.29,-0.6332,149585.48,683089.894
601336.SH,20200206,45.8,46.54,45.35,46.49,45.51,0.98,2.1534,136668.18,627459.477
601336.SH,20200207,46.19,46.19,45.5,46.07,46.49,-0.42,-0.9034,105083.53,481168.646
601336.SH,20200210,45.79,45.93,45.25,45.7,46.07,-0.37,-0.8031,112105.14,510918.196
601336.SH,20200211,45.99,46.35,45.75,45.87,45.7,0.17,0.372,112735.01,519236.193
601336.SH,20200212,45.8,46.04,45.32,46.0,45.87,0.13,0.2834,132411.21,605353.231
601336.SH,20200213,45.82,45.84,45.39,45.42,46.0,-0.58,-1.2609,119750.84,545057.402
601336.SH,20200214,45.37,46.04,45.19,45.75,45.42,0.33,0.7266,122833.63,560127.878
601336.SH,20200217,45.82,46.9,45.77,46.9,45.75,1.15,2.5137,202585.56,937731.009
601336.SH,20200218,46.9,46.9,46.2,46.46,46.9,-0.44,-0.9382,151920.88,705223.056
601336.SH,20200219,46.7,47.53,46.58,46.87,46.46,0.41,0.8825,175920.81,828256.752
601336.SH,20200220,47.02,48.47,46.6,48.41,46.87,1.54,3.2857,258690.29,1230031.382
601336.SH,20200221,48.08,48.68,47.83,47.99,48.41,-0.42,-0.8676,230002.94,1107961.877
601336.SH,20200224,47.56,47.72,47.04,47.16,47.99,-0.83,-1.7295,198585.27,938489.74
601336.SH,20200225,46.45,46.7,45.79,46.46,47.16,-0.7,-1.4843,184198.52,853083.351
601336.SH,20200226,45.79,47.3,45.73,46.42,46.46,-0.04,-0.0861,200651.34,933148.858
601336.SH,20200227,46.42,46.74,45.91,46.1,46.42,-0.32,-0.6894,155991.56,720342.814
601336.SH,20200228,45.2,45.65,44.1,44.18,46.1,-1.92,-4.1649,196659.26,881798.494
601336.SH,20200302,44.38,45.56,44.38,45.42,44.18,1.24,2.8067,126705.43,571451.105
601336.SH,20200303,45.99,46.17,44.96,45.2,45.42,-0.22,-0.4844,144442.24,658482.634
601336.SH,20200304,44.98,45.75,44.88,45.74,45.2,0.54,1.1947,122378.43,555874.738
601336.SH,20200305,45.98,47.31,45.68,47.12,45.74,1.38,3.0171,288688.19,1348676.388
601336.SH,20200306,46.57,46.76,46.0,46.04,47.12,-1.08,-2.292,147999.78,685067.605
601336.SH,20200309,45.0,45.07,44.14,44.22,46.04,-1.82,-3.9531,196971.48,877673.629
601336.SH,20200310,44.11,45.17,44.0,45.15,44.22,0.93,2.1031,123880.53,553205.975
601336.SH,20200311,45.2,45.2,44.31,44.35,45.15,-0.8,-1.7719,97135.02,434042.722
601336.SH,20200312,44.0,44.22,43.63,43.91,44.35,-0.44,-0.9921,92988.2,407961.479
601336.SH,20200313,42.28,43.87,41.88,43.33,43.91,-0.58,-1.3209,127175.96,543874.362
601336.SH,20200316,43.48,43.48,40.55,40.72,43.33,-2.61,-6.0235,203719.44,855060.3
601336.SH,20200317,40.8,41.55,39.5,40.73,40.72,0.01,0.0246,120459.67,490077.122
601336.SH,20200318,40.96,41.46,39.91,39.93,40.73,-0.8,-1.9642,102528.09,418289.054
601336.SH,20200319,39.79,40.29,38.02,38.77,39.93,-1.16,-2.9051,195811.59,759135.462
601336.SH,20200320,39.0,39.54,38.77,39.48,38.77,0.71,1.8313,144606.86,566664.112
601336.SH,20200323,38.08,38.57,37.88,37.91,39.48,-1.57,-3.9767,132651.66,505658.752
601336.SH,20200324,38.5,39.36,38.32,39.28,37.91,1.37,3.6138,143526.53,556878.32
601336.SH,20200325,40.2,40.96,39.8,40.9,39.28,1.62,4.1242,174076.88,703334.975
601336.SH,20200326,40.88,41.27,40.4,40.52,40.9,-0.38,-0.9291,130871.81,533469.001
601336.SH,20200327,41.05,41.27,40.5,40.52,40.52,0.0,0.0,105324.52,430846.609
601336.SH,20200330,40.0,40.75,39.72,40.31,40.52,-0.21,-0.5183,122009.87,489735.023
601336.SH,20200331,40.73,40.98,39.6,39.8,40.31,-0.51,-1.2652,129510.92,520706.534
601336.SH,20200401,39.58,40.47,39.56,40.1,39.8,0.3,0.7538,116907.58,469727.251
601336.SH,20200402,39.9,40.8,39.71,40.8,40.1,0.7,1.7456,78161.37,316052.252
601336.SH,20200403,40.79,40.98,40.54,40.67,40.8,-0.13,-0.3186,66727.82,272189.696
601336.SH,20200407,41.36,41.98,41.11,41.72,40.67,1.05,2.5818,118397.74,491615.321
601336.SH,20200408,41.42,41.44,40.81,41.0,41.72,-0.72,-1.7258,89296.4,366847.235
601336.SH,20200409,41.29,41.39,41.1,41.14,41.0,0.14,0.3415,55199.99,227748.349
601336.SH,20200410,41.01,41.94,40.64,41.17,41.14,0.03,0.0729,105123.11,434028.693
601336.SH,20200413,40.81,41.36,40.53,40.97,41.17,-0.2,-0.4858,51185.91,209758.389
601336.SH,20200414,41.18,41.98,41.07,41.86,40.97,0.89,2.1723,82812.4,344633.847
601336.SH,20200415,42.11,42.33,41.75,41.75,41.86,-0.11,-0.2628,77471.29,326072.747
601336.SH,20200416,41.65,41.91,41.53,41.65,41.75,-0.1,-0.2395,47830.49,199503.012
601336.SH,20200417,42.1,42.99,41.71,42.67,41.65,1.02,2.449,139563.17,593102.457
601336.SH,20200420,42.72,43.8,42.58,43.72,42.67,1.05,2.4607,146049.72,632996.915
601336.SH,20200421,43.44,43.44,42.75,43.3,43.72,-0.42,-0.9607,87494.53,377276.74
601336.SH,20200422,42.98,43.28,42.55,43.23,43.3,-0.07,-0.1617,55577.4,239268.263
601336.SH,20200423,43.42,43.55,43.03,43.26,43.23,0.03,0.0694,50550.46,218854.843
601336.SH,20200424,43.0,43.17,42.31,42.58,43.26,-0.68,-1.5719,71032.84,303392.75
601336.SH,20200427,42.55,43.52,42.54,43.01,42.58,0.43,1.0099,67697.67,292376.237
601336.SH,20200428,43.31,43.68,42.66,43.35,43.01,0.34,0.7905,72100.0,311994.97
601336.SH,20200429,44.05,45.3,44.0,44.91,43.35,1.56,3.5986,190766.28,856371.759
601336.SH,20200430,44.96,45.47,44.62,44.95,44.91,0.04,0.0891,122280.87,550372.619
601336.SH,20200506,44.5,45.49,44.5,45.33,44.95,0.38,0.8454,113697.06,513186.555
601336.SH,20200507,45.4,45.6,44.81,45.1,45.33,-0.23,-0.5074,95233.36,430350.218
601336.SH,20200508,45.35,45.39,44.96,45.12,45.1,0.02,0.0443,84212.09,380509.7
601336.SH,20200511,45.12,45.72,45.01,45.58,45.12,0.46,1.0195,86241.22,392377.671
601336.SH,20200512,45.51,45.77,45.01,45.6,45.58,0.02,0.0439,88877.3,404331.611
601336.SH,20200513,45.4,45.6,45.11,45.54,45.6,-0.06,-0.1316,50486.88,228984.536
601336.SH,20200514,45.25,45.26,44.28,44.29,45.54,-1.25,-2.7448,94258.9,421336.482
601336.SH,20200515,44.55,45.42,44.53,44.86,44.29,0.57,1.287,103488.06,467061.098
601336.SH,20200518,44.86,45.1,44.35,44.49,44.86,-0.37,-0.8248,56315.98,251883.653
601336.SH,20200519,44.93,45.53,44.93,45.07,44.49,0.58,1.3037,71241.85,321998.937
601336.SH,20200520,44.95,45.53,44.82,45.44,45.07,0.37,0.8209,65909.29,298519.356
601336.SH,20200521,45.57,45.68,45.02,45.09,45.44,-0.35,-0.7702,51052.16,231146.6
601336.SH,20200522,44.9,45.0,43.33,43.33,45.09,-1.76,-3.9033,80421.61,353874.35
601336.SH,20200525,43.44,43.58,42.2,42.44,43.33,-0.89,-2.054,95462.34,407839.407
601336.SH,20200526,42.79,43.16,42.68,43.1,42.44,0.66,1.5551,47091.53,202332.628
601336.SH,20200527,43.2,43.66,42.85,43.05,43.1,-0.05,-0.116,45456.02,196258.943
601336.SH,20200528,43.14,44.3,43.0,43.96,43.05,0.91,2.1138,70185.41,307794.096
601336.SH,20200529,43.67,43.95,43.3,43.75,43.96,-0.21,-0.4777,56998.78,248480.681
601336.SH,20200601,44.0,44.66,44.0,44.34,43.75,0.59,1.3486,104943.63,466286.465
601336.SH,20200602,44.36,45.7,44.07,45.67,44.34,1.33,2.9995,133369.03,603079.882
601336.SH,20200603,45.54,46.85,45.54,45.95,45.67,0.28,0.6131,147852.62,684971.003
601336.SH,20200604,45.87,46.3,45.13,45.29,45.95,-0.66,-1.4363,64673.63,293872.301
601336.SH,20200605,45.4,45.45,44.65,45.3,45.29,0.01,0.0221,65885.96,296209.796
601336.SH,20200608,45.65,46.51,45.3,46.18,45.3,0.88,1.9426,93804.31,433356.754
601336.SH,20200609,46.29,46.44,45.9,46.3,46.18,0.12,0.2599,64013.55,295833.453
601336.SH,20200610,46.29,46.29,45.32,45.55,46.3,-0.75,-1.6199,71685.53,326454.092
601336.SH,20200611,45.55,45.65,44.45,44.65,45.55,-0.9,-1.9759,91102.11,409941.14
601336.SH,20200612,44.0,44.38,43.67,44.2,44.65,-0.45,-1.0078,86589.16,381322.896
601336.SH,20200615,43.73,44.34,43.68,43.68,44.2,-0.52,-1.1765,64974.79,285488.713
601336.SH,20200616,44.13,44.45,43.83,44.36,43.68,0.68,1.5568,68153.12,301346.369
601336.SH,20200617,44.31,44.79,44.22,44.57,44.36,0.21,0.4734,63295.44,281756.27
601336.SH,20200618,44.69,45.43,44.33,45.21,44.57,0.64,1.4359,75226.57,338715.998
601336.SH,20200619,45.32,45.54,44.75,45.25,45.21,0.04,0.0885,111778.22,504754.407
601336.SH,20200622,45.2,45.88,44.92,45.0,45.25,-0.25,-0.5525,93570.57,423933.602
601336.SH,20200623,44.88,44.9,44.32,44.4,45.0,-0.6,-1.3333,64495.02,287058.958
601336.SH,20200624,44.5,45.28,44.35,44.82,44.4,0.42,0.9459,68372.94,307073.252
601336.SH,20200629,44.68,44.68,43.81,43.88,44.82,-0.94,-2.0973,70540.87,310811.806
601336.SH,20200630,44.16,44.29,43.88,44.28,43.88,0.4,0.9116,70558.57,311449.744
601336.SH,20200701,44.3,45.8,44.08,45.76,44.28,1.48,3.3424,139616.75,629963.115
601336.SH,20200702,45.68,48.68,45.45,48.46,45.76,2.7,5.9003,350728.33,1656409.235
601336.SH,20200703,49.18,50.94,49.15,50.55,48.46,2.09,4.3128,393328.49,1971812.572
601336.SH,20200706,52.05,55.61,52.05,55.61,50.55,5.06,10.0099,485982.79,2656232.409
601336.SH,20200707,57.7,59.67,55.83,56.7,55.61,1.09,1.9601,494986.6,2854854.853
601336.SH,20200708,56.0,61.08,56.0,58.6,56.7,1.9,3.351,408643.23,2369110.192
601336.SH,20200709,58.29,61.45,57.2,58.67,58.6,0.07,0.1195,379945.61,2252997.59
601336.SH,20200710,57.0,57.58,55.58,55.88,58.67,-2.79,-4.7554,328313.41,1858614.667
601336.SH,20200713,55.51,57.14,54.46,55.94,55.88,0.06,0.1074,262433.5,1462303.033
601336.SH,20200714,55.8,57.38,55.56,56.47,55.94,0.53,0.9474,263362.7,1492720.524
601336.SH,20200715,57.43,58.0,55.29,55.93,56.47,-0.54,-0.9563,217352.55,1225018.795
601336.SH,20200716,57.08,59.52,54.57,54.57,55.93,-1.36,-2.4316,417860.05,2390857.497
601336.SH,20200717,54.88,55.55,51.96,52.55,54.57,-2.02,-3.7017,291220.7,1549113.965
601336.SH,20200720,54.5,57.81,54.02,57.81,52.55,5.26,10.0095,385203.46,2174629.196
601336.SH,20200721,60.0,60.99,56.01,56.45,57.81,-1.36,-2.3525,482070.13,2808556.058
601336.SH,20200722,55.5,57.38,54.39,55.38,56.45,-1.07,-1.8955,350367.55,1951448.012
601336.SH,20200723,54.49,55.3,53.7,54.45,55.38,-0.93,-1.6793,240545.87,1305213.731
601336.SH,20200724,54.11,54.7,51.83,51.89,54.45,-2.56,-4.7016,271885.03,1441280.889
601336.SH,20200727,51.9,52.6,50.88,51.62,51.89,-0.27,-0.5203,151073.83,779621.335
601336.SH,20200728,52.05,52.5,51.58,51.9,51.62,0.28,0.5424,118259.01,614275.965
601336.SH,20200729,51.9,54.28,51.4,53.61,51.9,1.71,3.2948,206882.7,1101352.525
601336.SH,20200730,53.49,53.49,52.47,52.56,53.61,-1.05,-1.9586,117637.5,621281.251
601336.SH,20200731,52.57,53.78,51.84,52.86,52.56,0.3,0.5708,153696.39,812915.302
601336.SH,20200803,53.16,54.89,53.16,54.5,52.86,1.64,3.1025,193440.29,1049720.968
601336.SH,20200804,54.85,59.95,54.6,58.78,54.5,4.28,7.8532,481143.94,2781932.483
601336.SH,20200805,57.29,57.5,55.96,57.15,58.78,-1.63,-2.7731,278172.5,1576682.841
601336.SH,20200806,57.15,58.8,56.7,58.0,57.15,0.85,1.4873,252957.6,1458623.91
601336.SH,20200807,56.0,56.44,54.1,54.96,56.59,-1.63,-2.8804,180923.26,1001555.976
601336.SH,20200810,54.53,59.6,54.53,59.05,54.96,4.09,7.4418,397655.56,2318877.186
601336.SH,20200811,58.65,60.33,57.21,57.74,59.05,-1.31,-2.2185,318998.41,1883854.283
601336.SH,20200812,57.7,60.3,57.06,58.9,57.74,1.16,2.009,336520.9,1981011.888
601336.SH,20200813,59.22,59.8,57.45,58.75,58.9,-0.15,-0.2547,158127.38,923676.621
601336.SH,20200814,58.26,63.92,57.72,62.5,58.75,3.75,6.383,327262.44,1976095.236
601336.SH,20200817,62.01,68.75,62.01,67.21,62.5,4.71,7.536,572612.57,3806324.357
601336.SH,20200818,67.0,67.2,65.2,66.58,67.21,-0.63,-0.9374,321588.26,2124202.046
601336.SH,20200819,65.88,65.91,62.81,63.71,66.58,-2.87,-4.3106,278027.31,1787225.782
601336.SH,20200820,63.3,64.47,61.5,62.42,63.71,-1.29,-2.0248,223735.23,1402818.525
601336.SH,20200821,62.5,64.0,62.0,63.35,62.42,0.93,1.4899,206237.24,1296917.164
601336.SH,20200824,62.9,63.07,61.33,61.66,63.35,-1.69,-2.6677,162222.88,1005682.993
601336.SH,20200825,61.69,63.28,61.35,61.94,61.66,0.28,0.4541,129330.39,805947.749
601336.SH,20200826,60.4,61.92,58.3,58.5,61.94,-3.44,-5.5538,386077.54,2300219.127
601336.SH,20200827,58.5,61.36,58.2,60.07,58.5,1.57,2.6838,178871.61,1067330.902
601336.SH,20200828,60.0,62.37,59.56,61.69,60.07,1.62,2.6969,182181.46,1116730.118
601336.SH,20200831,61.5,62.87,59.8,59.85,61.69,-1.84,-2.9827,231098.69,1414923.157
601336.SH,20200901,59.02,60.36,59.01,59.76,59.85,-0.09,-0.1504,137608.83,819009.24
601336.SH,20200902,59.93,60.09,58.75,59.38,59.76,-0.38,-0.6359,128096.67,760397.985
601336.SH,20200903,59.55,59.73,58.4,58.69,59.38,-0.69,-1.162,135321.48,796583.329
601336.SH,20200904,57.92,58.45,57.71,58.1,58.69,-0.59,-1.0053,78269.27,454188.655
601336.SH,20200907,57.91,58.89,56.68,56.8,58.1,-1.3,-2.2375,114366.81,661977.343
601336.SH,20200908,56.8,61.23,56.8,61.2,56.8,4.4,7.7465,313427.51,1873059.863
601336.SH,20200909,59.99,62.2,59.88,60.24,61.2,-0.96,-1.5686,240627.99,1467855.788
601336.SH,20200910,61.48,62.94,60.02,60.8,60.24,0.56,0.9296,245463.05,1506415.233
601336.SH,20200911,60.6,61.51,59.77,60.46,60.8,-0.34,-0.5592,171322.55,1040592.761
601336.SH,20200914,61.22,61.38,58.0,58.43,60.46,-2.03,-3.3576,221816.8,1304112.182
601336.SH,20200915,58.01,60.42,57.7,60.42,58.43,1.99,3.4058,192917.27,1147495.339
601336.SH,20200916,60.0,62.48,59.6,60.91,60.42,0.49,0.811,176651.32,1082307.406
601336.SH,20200917,60.89,62.2,60.36,61.08,60.91,0.17,0.2791,107973.23,662451.081
601336.SH,20200918,61.13,67.19,61.13,67.19,61.08,6.11,10.0033,386483.87,2519092.678
601336.SH,20200921,69.23,69.28,64.49,64.82,67.19,-2.37,-3.5273,345772.51,2274454.484
601336.SH,20200922,64.39,65.08,62.88,63.13,64.82,-1.69,-2.6072,224569.83,1432736.941
601336.SH,20200923,63.45,63.75,62.2,63.1,63.13,-0.03,-0.0475,132158.3,830536.147
601336.SH,20200924,62.27,64.68,62.2,62.6,63.1,-0.5,-0.7924,198798.72,1262113.222
601336.SH,20200925,62.69,63.22,61.68,62.6,62.6,0.0,0.0,122273.36,763338.719
601336.SH,20200928,62.58,64.5,62.58,63.5,62.6,0.9,1.4377,141144.91,898614.436
601336.SH,20200929,64.42,64.78,63.38,63.75,63.5,0.25,0.3937,115481.1,738338.575
601336.SH,20200930,64.0,64.19,61.5,62.08,63.75,-1.67,-2.6196,161035.3,1005851.742
601336.SH,20201009,62.84,64.48,62.66,63.01,62.08,0.93,1.4981,141826.98,901189.976
601336.SH,20201012,63.3,68.07,63.21,67.09,63.01,4.08,6.4752,225228.98,1498228.534
601336.SH,20201013,66.31,66.39,64.11,66.03,67.09,-1.06,-1.58,189007.9,1231738.783
601336.SH,20201014,65.5,65.78,64.65,65.55,66.03,-0.48,-0.7269,104581.15,680822.967
601336.SH,20201015,65.56,68.17,65.45,66.49,65.55,0.94,1.434,190623.32,1275638.73
601336.SH,20201016,66.36,68.5,66.0,67.83,66.49,1.34,2.0153,188323.93,1271958.075
601336.SH,20201019,67.81,70.3,67.42,67.5,67.83,-0.33,-0.4865,202966.05,1400503.971
601336.SH,20201020,67.1,68.33,66.21,67.51,67.5,0.01,0.0148,124222.98,835907.802
601336.SH,20201021,67.68,69.96,67.51,69.5,67.51,1.99,2.9477,162266.7,1117539.835
601336.SH,20201022,68.12,69.29,66.55,68.7,69.5,-0.8,-1.1511,150629.71,1022850.233
601336.SH,20201023,67.99,70.19,67.69,67.7,68.7,-1.0,-1.4556,187884.61,1295346.3
601336.SH,20201026,66.52,66.91,64.2,65.6,67.7,-2.1,-3.1019,198737.78,1301522.027
601336.SH,20201027,65.25,66.99,65.16,66.76,65.6,1.16,1.7683,124576.56,826370.049
601336.SH,20201028,66.29,68.76,64.51,68.01,66.76,1.25,1.8724,197369.49,1313540.462
601336.SH,20201029,67.01,69.53,65.47,69.1,68.01,1.09,1.6027,199776.06,1348084.541
601336.SH,20201030,68.58,69.09,63.5,64.2,69.1,-4.9,-7.0912,250448.61,1649592.129
601336.SH,20201102,64.2,64.99,60.0,61.55,64.2,-2.65,-4.1277,305380.19,1884683.06
601336.SH,20201103,61.57,63.28,61.54,62.7,61.55,1.15,1.8684,169966.93,1062053.78
601336.SH,20201104,61.0,61.57,58.99,59.96,62.7,-2.74,-4.37,291832.51,1758476.129
601336.SH,20201105,60.98,61.18,58.06,58.92,59.96,-1.04,-1.7345,292679.6,1731033.163
601336.SH,20201106,59.01,59.14,56.5,56.98,58.92,-1.94,-3.2926,285855.8,1646332.983
601336.SH,20201109,57.5,58.65,56.96,58.24,56.98,1.26,2.2113,322513.05,1864668.835
601336.SH,20201110,58.5,60.33,58.33,58.79,58.24,0.55,0.9444,291501.42,1725072.396
601336.SH,20201111,58.15,59.9,57.7,59.46,58.79,0.67,1.1396,184224.81,1089155.545
601336.SH,20201112,59.18,59.53,58.5,59.23,59.46,-0.23,-0.3868,107990.84,636296.582
601336.SH,20201113,58.5,58.81,57.08,57.38,59.23,-1.85,-3.1234,153176.28,881713.699
601336.SH,20201116,57.99,58.65,57.66,58.41,57.38,1.03,1.7951,119830.53,697396.184
601336.SH,20201117,58.09,59.21,57.61,58.43,58.41,0.02,0.0342,127201.1,741995.501
601336.SH,20201118,58.42,60.62,58.18,60.01,58.43,1.58,2.7041,238065.52,1424684.983
601336.SH,20201119,59.54,60.65,59.42,60.55,60.01,0.54,0.8999,157347.55,947358.206
601336.SH,20201120,60.03,60.52,59.48,59.9,60.55,-0.65,-1.0735,104124.09,622759.404
601336.SH,20201123,59.99,60.77,58.43,60.09,59.9,0.19,0.3172,171471.54,1021404.021
601336.SH,20201124,60.1,60.38,58.55,58.7,60.09,-1.39,-2.3132,141934.54,841438.876
601336.SH,20201125,58.94,61.32,58.9,59.82,58.7,1.12,1.908,276217.89,1671985.472
601336.SH,20201126,59.69,61.83,59.31,61.45,59.82,1.63,2.7248,216749.45,1318512.012
601336.SH,20201127,61.6,62.32,60.58,62.02,61.45,0.57,0.9276,179417.85,1102015.723
601336.SH,20201130,62.44,64.88,61.23,61.23,62.02,-0.79,-1.2738,362047.33,2297736.353
601336.SH,20201201,61.0,62.5,60.0,62.16,61.23,0.93,1.5189,236045.13,1447233.78
601336.SH,20201202,62.24,64.2,61.61,63.75,62.16,1.59,2.5579,289952.1,1837261.689
601336.SH,20201203,63.6,64.4,63.06,63.99,63.75,0.24,0.3765,140756.02,896827.235
601336.SH,20201204,63.35,63.87,62.07,63.35,63.99,-0.64,-1.0002,140384.12,883108.237
601336.SH,20201207,63.35,64.21,61.77,61.96,63.35,-1.39,-2.1942,131542.94,821425.967
601336.SH,20201208,61.59,63.45,61.59,62.1,61.96,0.14,0.226,104873.58,654138.763
601336.SH,20201209,62.3,62.74,60.54,60.69,62.1,-1.41,-2.2705,118425.2,730554.247
601336.SH,20201210,60.72,61.27,59.1,59.68,60.69,-1.01,-1.6642,130646.27,783782.134
601336.SH,20201211,59.6,60.18,58.36,59.08,59.68,-0.6,-1.0054,112020.77,663051.925
601336.SH,20201214,59.29,60.18,58.45,59.62,59.08,0.54,0.914,91109.69,541174.344
601336.SH,20201215,59.3,59.5,57.78,58.42,59.62,-1.2,-2.0127,126469.32,736317.032
601336.SH,20201216,58.5,60.2,58.39,59.56,58.42,1.14,1.9514,128592.99,764637.752
601336.SH,20201217,59.4,60.48,58.51,60.28,59.56,0.72,1.2089,143965.28,860708.112
601336.SH,20201218,60.02,60.77,58.91,59.3,60.28,-0.98,-1.6257,107925.09,645061.563
601336.SH,20201221,58.81,60.63,58.22,60.2,59.3,0.9,1.5177,122974.09,734808.558
601336.SH,20201222,60.2,60.3,57.68,57.85,60.2,-2.35,-3.9037,146271.7,859785.943
601336.SH,20201223,57.6,58.37,56.63,58.29,57.85,0.44,0.7606,121714.51,701628.664
601336.SH,20201224,58.14,58.79,57.56,57.69,58.29,-0.6,-1.0293,63691.73,369069.513
601336.SH,20201225,57.6,57.6,55.82,56.9,57.69,-0.79,-1.3694,115891.35,656056.02
601336.SH,20201228,56.3,57.98,56.27,57.18,56.9,0.28,0.4921,102046.35,583140.439
601336.SH,20201229,57.01,57.99,57.0,57.27,57.18,0.09,0.1574,74844.02,430519.632
601336.SH,20201230,57.0,57.36,56.4,56.88,57.27,-0.39,-0.681,107675.76,611829.428
601336.SH,20201231,56.95,58.77,56.9,57.97,56.88,1.09,1.9163,193989.54,1120846.453
601336.SH,20210104,58.0,58.0,56.16,56.49,57.97,-1.48,-2.553,252986.82,1430616.759
601336.SH,20210105,56.05,56.05,52.68,54.9,56.49,-1.59,-2.8147,396359.37,2146316.661
601336.SH,20210106,54.86,55.7,54.16,55.16,54.9,0.26,0.4736,202315.57,1111503.675
601336.SH,20210107,55.17,55.94,54.25,55.41,55.16,0.25,0.4532,193003.22,1065082.32
601336.SH,20210108,55.41,55.88,54.6,55.09,55.41,-0.32,-0.5775,143099.86,790726.337
601336.SH,20210111,55.06,55.26,53.88,54.42,55.09,-0.67,-1.2162,184039.37,1002559.178
601336.SH,20210112,54.27,56.66,53.05,56.61,54.42,2.19,4.0243,277200.88,1526619.038
601336.SH,20210113,56.61,57.07,54.55,55.02,56.61,-1.59,-2.8087,258677.26,1433005.78
601336.SH,20210114,54.88,55.95,54.27,54.95,55.02,-0.07,-0.1272,155122.27,851914.809
601336.SH,20210115,55.0,56.95,54.79,55.92,54.95,0.97,1.7652,281153.23,1578637.438
601336.SH,20210118,55.9,56.15,54.9,55.35,55.92,-0.57,-1.0193,166561.98,921951.786
601336.SH,20210119,55.69,57.56,55.36,56.8,55.35,1.45,2.6197,303895.03,1721991.521
601336.SH,20210120,56.95,57.14,55.16,55.25,56.8,-1.55,-2.7289,203131.77,1133836.753
601336.SH,20210121,55.31,55.45,54.1,54.8,55.25,-0.45,-0.8145,178146.2,974344.764
601336.SH,20210122,54.66,54.66,53.0,53.0,54.8,-1.8,-3.2847,204412.81,1095451.116
601336.SH,20210125,53.02,53.3,52.12,53.2,53.0,0.2,0.3774,175362.47,923092.373
601336.SH,20210126,53.2,53.2,50.6,50.73,53.2,-2.47,-4.6429,193066.44,996710.304
601336.SH,20210127,50.62,51.49,50.6,50.83,50.73,0.1,0.1971,106623.56,543489.23
601336.SH,20210128,50.22,50.59,49.5,49.79,50.83,-1.04,-2.046,122673.8,611678.087
601336.SH,20210129,49.9,50.05,47.85,48.33,49.79,-1.46,-2.9323,180011.03,881661.848
601336.SH,20210201,48.5,49.12,48.16,48.93,48.33,0.6,1.2415,176935.56,860321.983
601336.SH,20210202,48.85,48.97,47.96,48.46,48.93,-0.47,-0.9606,140072.75,677819.614
601336.SH,20210203,48.0,48.59,47.1,47.64,48.46,-0.82,-1.6921,182953.9,880461.547
601336.SH,20210204,48.16,48.6,47.03,47.94,47.64,0.3,0.6297,214337.97,1026875.176
601336.SH,20210205,47.7,49.31,47.15,48.66,47.94,0.72,1.5019,206357.61,997795.911
601336.SH,20210208,48.45,48.98,47.13,47.2,48.66,-1.46,-3.0004,197273.71,942262.798
601336.SH,20210209,47.38,47.97,45.96,47.8,47.2,0.6,1.2712,161335.3,757327.763
601336.SH,20210210,47.5,49.88,47.5,49.02,47.8,1.22,2.5523,180199.18,883787.97
601336.SH,20210218,50.14,52.23,49.76,51.06,49.02,2.04,4.1616,276768.56,1412348.801
601336.SH,20210219,50.71,53.03,50.45,53.0,51.06,1.94,3.7995,271739.88,1423456.73
601336.SH,20210222,53.15,53.63,52.09,52.39,53.0,-0.61,-1.1509,187176.33,988991.179
601336.SH,20210223,52.15,54.27,52.01,53.51,52.39,1.12,2.1378,221687.83,1188208.469
601336.SH,20210224,53.48,54.54,52.8,53.16,53.51,-0.35,-0.6541,188787.76,1010721.089
601336.SH,20210225,53.61,55.55,52.58,54.42,53.16,1.26,2.3702,278264.29,1515421.503
601336.SH,20210226,53.68,54.26,51.88,52.09,54.42,-2.33,-4.2815,215633.24,1137085.743
601336.SH,20210301,52.17,52.38,50.95,51.86,52.09,-0.23,-0.4415,154267.28,796751.92
601336.SH,20210302,51.89,52.25,51.0,51.7,51.86,-0.16,-0.3085,130521.26,674591.18
601336.SH,20210303,51.64,55.13,51.64,54.98,51.7,3.28,6.3443,292543.17,1587938.831
601336.SH,20210304,54.5,56.49,54.3,55.47,54.98,0.49,0.8912,274997.61,1530997.639
601336.SH,20210305,55.19,55.77,52.87,53.33,55.47,-2.14,-3.8579,245921.13,1319580.841
601336.SH,20210308,53.41,54.98,52.74,52.97,53.33,-0.36,-0.675,161494.08,870699.054
601336.SH,20210309,53.14,53.89,51.85,52.51,52.97,-0.46,-0.8684,174040.63,916899.808
601336.SH,20210310,52.78,52.97,50.88,50.99,52.51,-1.52,-2.8947,152888.79,792943.22
601336.SH,20210311,50.85,52.66,50.85,52.02,50.99,1.03,2.02,146172.02,757406.297
601336.SH,20210312,52.0,52.02,51.01,51.39,52.02,-0.63,-1.2111,107452.81,551277.734
601336.SH,20210315,51.1,51.96,50.6,51.63,51.39,0.24,0.467,92637.68,476747.791
601336.SH,20210316,51.99,52.48,51.42,52.04,51.63,0.41,0.7941,118104.04,614091.215
601336.SH,20210317,51.9,51.9,49.39,49.9,52.04,-2.14,-4.1122,202346.03,1016554.431
601336.SH,20210318,49.8,50.48,49.66,49.78,49.9,-0.12,-0.2405,111447.22,557019.14
601336.SH,20210319,49.5,49.92,48.58,49.03,49.78,-0.75,-1.5066,108428.18,532277.567
601336.SH,20210322,48.69,49.75,48.64,49.11,49.03,0.08,0.1632,83280.81,409097.781
601336.SH,20210323,49.11,49.77,48.5,49.14,49.11,0.03,0.0611,101558.48,498208.727
601336.SH,20210324,48.81,49.02,48.0,48.11,49.14,-1.03,-2.0961,102379.02,495398.722
601336.SH,20210325,48.61,49.25,48.22,48.75,48.11,0.64,1.3303,94712.23,461835.128
601336.SH,20210326,48.96,50.16,48.88,49.85,48.75,1.1,2.2564,132490.83,658032.764
601336.SH,20210329,49.84,50.13,49.11,49.62,49.85,-0.23,-0.4614,101172.99,503286.957
601336.SH,20210330,49.61,49.62,48.6,48.88,49.62,-0.74,-1.4913,144445.64,706116.662
601336.SH,20210331,48.93,49.25,48.25,48.55,48.88,-0.33,-0.6751,81621.25,396969.296
601336.SH,20210401,48.72,49.09,48.45,48.88,48.55,0.33,0.6797,65214.31,318409.574
601336.SH,20210402,49.0,49.0,48.3,48.6,48.88,-0.28,-0.5728,95850.74,465086.772
601336.SH,20210406,48.66,48.85,48.38,48.71,48.6,0.11,0.2263,61166.94,297320.201
601336.SH,20210407,48.74,49.0,47.76,48.02,48.71,-0.69,-1.4165,127425.33,614949.052
601336.SH,20210408,47.88,48.48,47.8,48.13,48.02,0.11,0.2291,76448.17,368207.589
601336.SH,20210409,48.04,48.04,47.08,47.24,48.13,-0.89,-1.8492,104840.76,496157.332
601336.SH,20210412,47.23,47.29,46.46,46.65,47.24,-0.59,-1.2489,86745.52,406074.347
601336.SH,20210413,46.77,46.89,46.04,46.72,46.65,0.07,0.1501,86600.93,402049.634
601336.SH,20210414,46.59,47.02,46.41,46.6,46.72,-0.12,-0.2568,81679.42,380972.477
601336.SH,20210415,46.4,46.43,44.98,45.51,46.6,-1.09,-2.3391,147002.39,668566.626
601336.SH,20210416,45.74,46.96,45.52,46.82,45.51,1.31,2.8785,134134.88,622836.083
601336.SH,20210419,46.6,47.41,46.23,47.41,46.82,0.59,1.2601,109031.84,511990.804
601336.SH,20210420,47.19,47.68,46.93,47.0,47.41,-0.41,-0.8648,77494.08,365821.338
601336.SH,20210421,46.78,47.36,46.53,47.3,47.0,0.3,0.6383,65658.73,309287.269
601336.SH,20210422,47.88,48.34,47.05,47.26,47.3,-0.04,-0.0846,95476.22,454805.519
601336.SH,20210423,47.26,47.89,46.86,47.15,47.26,-0.11,-0.2328,76716.88,362800.384
601336.SH,20210426,47.1,47.1,45.76,45.78,47.15,-1.37,-2.9056,128361.32,595337.576
601336.SH,20210427,45.8,46.87,45.7,46.36,45.78,0.58,1.2669,118882.21,549532.283
601336.SH,20210428,46.6,47.65,46.18,47.37,46.36,1.01,2.1786,126173.55,594844.734
601336.SH,20210429,47.3,48.49,46.98,48.35,47.37,0.98,2.0688,143276.07,686352.263
601336.SH,20210430,49.22,49.23,48.27,48.61,48.35,0.26,0.5377,152183.32,740979.051
601336.SH,20210506,48.37,48.89,48.1,48.18,48.61,-0.43,-0.8846,102149.11,493964.135
601336.SH,20210507,48.18,48.76,47.5,47.76,48.18,-0.42,-0.8717,90619.96,436319.744
601336.SH,20210510,47.7,48.43,47.63,48.29,47.76,0.53,1.1097,81337.3,390977.732
601336.SH,20210511,47.88,48.87,47.71,48.7,48.29,0.41,0.849,102311.49,493558.527
601336.SH,20210512,48.41,48.94,47.69,47.94,48.7,-0.76,-1.5606,114300.08,549509.911
601336.SH,20210513,47.5,47.84,47.09,47.5,47.94,-0.44,-0.9178,77190.24,366253.043
601336.SH,20210514,47.6,51.28,47.56,50.91,47.5,3.41,7.1789,337964.11,1684930.825
601336.SH,20210517,50.65,50.89,49.54,49.95,50.91,-0.96,-1.8857,199194.66,997237.96
601336.SH,20210518,49.92,52.12,49.88,51.67,49.95,1.72,3.4434,235448.44,1211970.684
601336.SH,20210519,51.28,51.48,50.4,50.98,51.67,-0.69,-1.3354,124885.28,636244.598
601336.SH,20210520,50.65,51.51,50.18,51.09,50.98,0.11,0.2158,159830.79,814766.086
601336.SH,20210521,51.06,51.45,49.9,49.96,51.09,-1.13,-2.2118,126764.7,637617.586
601336.SH,20210524,49.91,50.84,49.72,50.22,49.96,0.26,0.5204,96840.67,487959.716
601336.SH,20210525,50.43,52.33,49.8,52.1,50.22,1.88,3.7435,307066.06,1584151.26
601336.SH,20210526,52.14,52.55,51.5,51.79,52.1,-0.31,-0.595,187023.27,971456.17
601336.SH,20210527,51.52,52.0,51.09,51.44,51.79,-0.35,-0.6758,148341.21,763119.255
601336.SH,20210528,51.65,52.2,51.16,51.78,51.44,0.34,0.661,127007.95,655719.407
601336.SH,20210531,51.54,51.54,50.5,50.96,51.78,-0.82,-1.5836,123297.9,626273.727
601336.SH,20210601,50.63,50.81,50.07,50.51,50.96,-0.45,-0.883,114205.46,575287.989
601336.SH,20210602,50.54,50.64,49.29,49.48,50.51,-1.03,-2.0392,178619.42,888533.377
601336.SH,20210603,49.26,50.13,49.1,49.18,49.48,-0.3,-0.6063,111490.59,553315.711
601336.SH,20210604,49.0,50.17,48.92,49.73,49.18,0.55,1.1183,116848.67,579736.867
601336.SH,20210607,49.78,49.78,49.0,49.44,49.73,-0.29,-0.5831,70404.55,347266.02
601336.SH,20210608,49.45,50.12,48.99,49.31,49.44,-0.13,-0.2629,109227.28,541286.108
601336.SH,20210609,49.25,50.32,49.18,49.67,49.31,0.36,0.7301,103903.05,517339.947
601336.SH,20210610,49.46,49.92,48.79,48.9,49.67,-0.77,-1.5502,124355.27,612690.91
601336.SH,20210611,48.95,48.98,47.5,47.87,48.9,-1.03,-2.1063,161402.3,774581.399
601336.SH,20210615,47.6,47.71,46.68,47.32,47.87,-0.55,-1.1489,108179.77,509770.145
601336.SH,20210616,47.41,47.76,47.03,47.27,47.32,-0.05,-0.1057,78130.34,370157.645
601336.SH,20210617,47.3,47.58,46.6,46.71,47.27,-0.56,-1.1847,90353.4,424261.901
601336.SH,20210618,46.56,47.04,46.33,46.72,46.71,0.01,0.0214,95480.49,445819.477
601336.SH,20210621,46.45,46.49,45.71,45.96,46.72,-0.76,-1.6267,127155.68,584255.16
601336.SH,20210622,46.2,47.05,46.06,46.8,45.96,0.84,1.8277,136687.65,636842.21
601336.SH,20210623,46.63,47.48,46.58,46.84,46.8,0.04,0.0855,120129.71,563303.746
601336.SH,20210624,46.94,47.28,46.17,46.33,46.84,-0.51,-1.0888,156680.89,731840.725
601336.SH,20210625,46.38,47.39,46.11,47.13,46.33,0.8,1.7267,176234.87,825582.791
601336.SH,20210628,47.11,47.12,46.21,46.55,47.13,-0.58,-1.2306,111030.61,516189.966
601336.SH,20210629,46.4,46.6,45.3,45.53,46.55,-1.02,-2.1912,154266.83,706904.483
601336.SH,20210630,45.51,45.96,45.28,45.91,45.53,0.38,0.8346,87041.74,397528.695
601336.SH,20210701,46.09,46.54,45.57,46.08,45.91,0.17,0.3703,115445.7,531750.649
601336.SH,20210702,45.65,45.71,44.51,44.55,46.08,-1.53,-3.3203,152708.89,685762.578
601336.SH,20210705,44.55,46.1,44.2,45.81,44.55,1.26,2.8283,162344.58,734258.719
601336.SH,20210706,45.7,46.86,45.55,46.68,45.81,0.87,1.8991,161786.43,750556.101
601336.SH,20210707,46.43,47.28,45.77,46.01,46.68,-0.67,-1.4353,131693.36,610262.007
601336.SH,20210708,46.17,46.18,44.3,44.68,46.01,-1.33,-2.8907,231054.35,1034644.81
601336.SH,20210709,44.48,44.89,44.34,44.66,44.68,-0.02,-0.0448,99278.52,442890.214
601336.SH,20210712,44.9,44.95,44.07,44.35,44.66,-0.31,-0.6941,144874.5,643625.072
601336.SH,20210713,44.31,44.76,44.08,44.65,44.35,0.3,0.6764,106154.76,472691.687
601336.SH,20210714,44.58,44.58,43.43,43.6,44.65,-1.05,-2.3516,147281.29,643923.481
601336.SH,20210715,43.99,45.53,43.7,45.35,43.6,1.75,4.0138,239011.73,1071294.324
601336.SH,20210716,45.0,45.43,44.09,44.48,45.35,-0.87,-1.9184,147078.29,655491.543
601336.SH,20210719,44.28,44.75,43.61,44.74,44.48,0.26,0.5845,106907.28,471700.193
601336.SH,20210720,44.28,44.66,44.12,44.48,44.74,-0.26,-0.5811,74201.69,329362.886
601336.SH,20210721,44.38,44.87,43.73,44.15,44.48,-0.33,-0.7419,128294.11,567078.635
601336.SH,20210722,44.06,45.18,43.84,44.7,44.15,0.55,1.2458,158853.96,711346.705
601336.SH,20210723,44.44,44.69,43.89,44.19,44.7,-0.51,-1.1409,123610.19,546470.016
601336.SH,20210726,43.8,43.82,41.8,41.92,44.19,-2.27,-5.1369,216278.79,917164.632
601336.SH,20210727,41.88,42.07,40.85,40.9,41.92,-1.02,-2.4332,119360.02,493460.878
601336.SH,20210728,41.0,41.43,40.7,40.78,40.9,-0.12,-0.2934,119338.64,489473.065
601336.SH,20210729,41.07,41.17,39.91,40.45,40.78,-0.33,-0.8092,155506.18,627655.759
601336.SH,20210730,40.41,41.25,39.94,40.47,40.45,0.02,0.0494,114255.11,463389.233
601336.SH,20210802,40.11,41.55,39.48,40.86,40.47,0.39,0.9637,191304.9,776264.938
601336.SH,20210803,40.51,41.15,40.29,40.51,40.86,-0.35,-0.8566,159008.9,646118.948
601336.SH,20210804,40.51,40.69,40.02,40.3,40.51,-0.21,-0.5184,106302.79,428308.982
601336.SH,20210805,40.28,41.24,40.17,40.49,40.3,0.19,0.4715,150252.72,610566.684
601336.SH,20210806,39.1,39.28,38.71,38.82,39.1,-0.28,-0.7161,112075.84,436364.89
601336.SH,20210809,38.8,40.45,38.65,40.0,38.82,1.18,3.0397,192140.42,766186.052
601336.SH,20210810,39.9,40.7,39.72,40.65,40.0,0.65,1.625,151185.31,608212.764
601336.SH,20210811,40.4,41.12,40.18,40.46,40.65,-0.19,-0.4674,134614.77,548280.902
601336.SH,20210812,40.5,40.82,39.91,39.98,40.46,-0.48,-1.1864,102436.2,412014.04
601336.SH,20210813,39.94,40.25,39.58,40.05,39.98,0.07,0.1751,78690.27,313850.1
601336.SH,20210816,40.04,40.69,39.99,40.38,40.05,0.33,0.824,94712.65,383210.711
601336.SH,20210817,40.36,41.0,39.95,39.96,40.38,-0.42,-1.0401,138800.7,562344.867
601336.SH,20210818,39.8,41.66,39.57,41.46,39.96,1.5,3.7538,213778.81,874237.059
601336.SH,20210819,41.1,41.41,40.52,40.57,41.46,-0.89,-2.1466,135150.11,551305.364
601336.SH,20210820,40.5,40.72,39.9,40.38,40.57,-0.19,-0.4683,117773.17,473456.17
601336.SH,20210823,40.19,40.59,40.02,40.25,40.38,-0.13,-0.3219,83973.83,337824.651
601336.SH,20210824,40.12,40.6,39.86,40.51,40.25,0.26,0.646,130616.87,526176.394
601336.SH,20210825,40.4,40.82,40.08,40.25,40.51,-0.26,-0.6418,92887.17,374723.557
601336.SH,20210826,40.17,40.2,39.7,39.7,40.25,-0.55,-1.3665,91864.95,366496.633
601336.SH,20210827,40.05,41.17,40.05,40.7,39.7,1.0,2.5189,174293.51,707706.629
601336.SH,20210830,40.69,40.69,39.73,40.15,40.7,-0.55,-1.3514,152556.2,609830.398
601336.SH,20210831,39.82,40.71,39.31,40.62,40.15,0.47,1.1706,156846.36,628694.147
601336.SH,20210901,40.62,43.27,40.5,42.55,40.62,1.93,4.7514,365745.89,1541440.706
601336.SH,20210902,42.36,42.8,42.01,42.45,42.55,-0.1,-0.235,194599.94,822529.438
601336.SH,20210903,42.8,43.41,41.89,42.74,42.45,0.29,0.6832,185537.11,793022.233
601336.SH,20210906,42.4,43.43,42.31,43.01,42.74,0.27,0.6317,150026.08,645206.467
601336.SH,20210907,42.98,43.26,42.24,43.05,43.01,0.04,0.093,170229.04,728349.23
601336.SH,20210908,43.05,43.73,42.75,42.9,43.05,-0.15,-0.3484,157882.22,682141.428
601336.SH,20210909,42.85,43.04,42.29,42.99,42.9,0.09,0.2098,120675.8,514909.979
601336.SH,20210910,43.05,44.25,43.04,43.11,42.99,0.12,0.2791,207828.95,904522.343
601336.SH,20210913,43.0,43.2,42.61,42.88,43.11,-0.23,-0.5335,112698.89,483229.059
601336.SH,20210914,42.85,43.1,41.7,41.79,42.88,-1.09,-2.542,141143.33,596502.752
601336.SH,20210915,41.66,42.05,41.18,41.28,41.79,-0.51,-1.2204,110699.14,459153.965
601336.SH,20210916,41.21,41.69,41.07,41.16,41.28,-0.12,-0.2907,85284.6,352678.46
601336.SH,20210917,41.07,41.35,40.68,40.9,41.16,-0.26,-0.6317,78468.31,321369.129
601336.SH,20210922,40.02,40.43,39.8,40.21,40.9,-0.69,-1.687,96403.21,386317.19
601336.SH,20210923,40.45,41.25,40.45,40.92,40.21,0.71,1.7657,80782.06,330370.806
601336.SH,20210924,41.04,41.3,40.5,40.57,40.92,-0.35,-0.8553,64345.62,262827.939
601336.SH,20210927,40.57,41.48,40.55,41.04,40.57,0.47,1.1585,102657.71,421353.367
601336.SH,20210928,40.94,41.52,40.67,41.28,41.04,0.24,0.5848,86619.13,356426.677
601336.SH,20210929,41.03,41.24,40.5,41.17,41.28,-0.11,-0.2665,87457.34,357535.414
601336.SH,20210930,41.09,41.23,39.8,40.16,41.17,-1.01,-2.4532,137819.64,555164.782
601336.SH,20211008,40.75,42.28,40.75,42.18,40.16,2.02,5.0299,242676.78,1014892.869
601336.SH,20211011,42.42,43.45,42.35,42.87,42.18,0.69,1.6358,212879.02,915895.08
601336.SH,20211012,42.42,43.45,42.3,42.7,42.87,-0.17,-0.3965,155652.88,667271.589
601336.SH,20211013,42.57,42.68,41.92,42.47,42.7,-0.23,-0.5386,92219.3,389976.099
601336.SH,20211014,42.47,42.95,41.94,41.99,42.47,-0.48,-1.1302,71270.91,300863.211
601336.SH,20211015,42.0,42.34,41.74,41.93,41.99,-0.06,-0.1429,80939.3,339686.322
601336.SH,20211018,42.16,42.37,41.26,41.46,41.93,-0.47,-1.1209,77601.7,322638.622
601336.SH,20211019,41.26,43.37,41.23,43.05,41.46,1.59,3.835,188113.51,805235.412
601336.SH,20211020,43.13,44.46,42.2,42.54,43.05,-0.51,-1.1847,212257.18,913798.033
601336.SH,20211021,42.75,44.25,42.61,43.59,42.54,1.05,2.4683,263049.19,1147364.235
601336.SH,20211022,43.55,43.84,42.97,43.48,43.59,-0.11,-0.2524,146249.96,634856.404
601336.SH,20211025,43.3,43.35,42.72,43.17,43.48,-0.31,-0.713,117608.53,505735.59
601336.SH,20211026,43.02,43.45,42.66,42.85,43.17,-0.32,-0.7413,77194.12,331206.122
601336.SH,20211027,42.67,42.93,42.15,42.32,42.85,-0.53,-1.2369,113499.42,481344.504
601336.SH,20211028,42.04,42.4,41.4,41.95,42.32,-0.37,-0.8743,99328.37,415509.086
601336.SH,20211029,41.57,41.74,39.0,39.17,41.95,-2.78,-6.6269,387360.97,1533764.599
601336.SH,20211101,38.9,39.29,38.35,39.19,39.17,0.02,0.0511,140135.88,545267.174
601336.SH,20211102,38.99,39.48,38.39,38.64,39.19,-0.55,-1.4034,125450.09,486872.478
601336.SH,20211103,38.63,38.95,38.5,38.66,38.64,0.02,0.0518,71683.18,277408.47
601336.SH,20211104,38.7,38.76,38.43,38.61,38.66,-0.05,-0.1293,75671.16,291625.824
601336.SH,20211105,38.59,38.66,38.3,38.36,38.61,-0.25,-0.6475,86833.93,333934.81
601336.SH,20211108,38.34,38.62,37.79,38.4,38.36,0.04,0.1043,77959.71,298726.983
601336.SH,20211109,38.54,38.67,38.07,38.27,38.4,-0.13,-0.3385,63335.48,242537.363
601336.SH,20211110,38.29,38.3,37.52,37.94,38.27,-0.33,-0.8623,95929.53,362524.22
601336.SH,20211111,37.86,38.64,37.76,38.64,37.94,0.7,1.845,123628.67,474645.696
601336.SH,20211112,38.62,38.75,38.19,38.36,38.64,-0.28,-0.7246,68279.74,261939.037
601336.SH,20211115,38.4,38.6,38.06,38.42,38.36,0.06,0.1564,81998.65,313966.641
601336.SH,20211116,38.46,38.8,38.45,38.66,38.42,0.24,0.6247,110074.69,425424.179
601336.SH,20211117,38.79,39.07,38.6,38.87,38.66,0.21,0.5432,87329.28,339560.648
601336.SH,20211118,38.75,38.75,38.33,38.42,38.87,-0.45,-1.1577,68852.02,264989.815
601336.SH,20211119,38.41,38.88,38.3,38.74,38.42,0.32,0.8329,92224.87,355458.219
601336.SH,20211122,38.63,38.79,38.43,38.59,38.74,-0.15,-0.3872,56519.93,217908.08
601336.SH,20211123,38.6,38.98,38.52,38.89,38.59,0.3,0.7774,89604.31,348047.107
601336.SH,20211124,38.98,39.18,38.6,39.14,38.89,0.25,0.6428,80851.21,314979.569
601336.SH,20211125,39.1,39.1,38.6,38.7,39.14,-0.44,-1.1242,67502.2,261726.797
601336.SH,20211126,38.58,38.59,38.19,38.31,38.7,-0.39,-1.0078,55746.93,213452.052
601336.SH,20211129,37.92,38.24,37.78,38.08,38.31,-0.23,-0.6004,60842.56,231073.52
601336.SH,20211130,38.15,38.3,37.88,37.91,38.08,-0.17,-0.4464,55861.23,212442.558
601336.SH,20211201,37.88,38.4,37.86,38.37,37.91,0.46,1.2134,66387.68,253580.31
601336.SH,20211202,38.26,38.55,38.1,38.33,38.37,-0.04,-0.1042,44354.18,169839.332
601336.SH,20211203,38.33,38.6,38.1,38.59,38.33,0.26,0.6783,66312.86,254721.71
601336.SH,20211206,39.0,39.51,38.58,38.64,38.59,0.05,0.1296,143734.07,561536.647
601336.SH,20211207,38.9,39.37,38.58,39.25,38.64,0.61,1.5787,125065.8,487933.699
601336.SH,20211208,39.2,39.22,38.75,39.18,39.25,-0.07,-0.1783,86436.84,337195.69
601336.SH,20211209,39.05,40.09,39.05,39.62,39.18,0.44,1.123,166723.46,661446.033
601336.SH,20211210,39.41,39.6,39.26,39.38,39.62,-0.24,-0.6058,94659.34,372906.431
601336.SH,20211213,39.6,40.18,39.43,39.43,39.38,0.05,0.127,118828.92,472795.112
601336.SH,20211214,39.31,39.58,39.1,39.26,39.43,-0.17,-0.4311,79235.45,311462.778
601336.SH,20211215,39.22,39.34,38.87,39.07,39.26,-0.19,-0.484,61415.42,239989.142
601336.SH,20211216,39.15,39.39,38.99,39.35,39.07,0.28,0.7167,54043.64,212010.88
601336.SH,20211217,39.3,39.48,39.03,39.06,39.35,-0.29,-0.737,50491.88,197750.442
601336.SH,20211220,39.16,39.4,38.81,38.9,39.06,-0.16,-0.4096,60077.14,234972.96
601336.SH,20211221,38.84,39.27,38.84,39.21,38.9,0.31,0.7969,51504.32,201486.733
601336.SH,20211222,39.24,39.25,38.88,38.99,39.21,-0.22,-0.5611,53577.94,208949.795
601336.SH,20211223,39.08,39.14,38.71,38.87,38.99,-0.12,-0.3078,42402.19,164860.617
601336.SH,20211224,38.78,38.86,38.39,38.45,38.87,-0.42,-1.0805,59365.5,228681.821
601336.SH,20211227,38.49,38.7,38.43,38.54,38.45,0.09,0.2341,43263.7,166749.378
601336.SH,20211228,38.56,39.18,38.56,38.9,38.54,0.36,0.9341,70283.88,273433.897
601336.SH,20211229,39.0,39.1,38.7,38.84,38.9,-0.06,-0.1542,44263.29,172034.789
601336.SH,20211230,38.84,39.08,38.72,38.88,38.84,0.04,0.103,46751.88,181813.957
601336.SH,20211231,38.88,39.02,38.77,38.88,38.88,0.0,0.0,49990.53,194247.077
601336.SH,20220104,38.88,39.09,38.72,39.05,38.88,0.17,0.4372,74770.56,291092.099
601336.SH,20220105,39.06,39.82,39.01,39.29,39.05,0.24,0.6146,141147.67,556587.138
601336.SH,20220106,39.22,39.44,38.95,38.98,39.29,-0.31,-0.789,100726.57,394314.006
601336.SH,20220107,39.1,40.14,39.08,39.88,38.98,0.9,2.3089,197615.63,785459.667
601336.SH,20220110,39.94,40.25,39.56,40.02,39.88,0.14,0.3511,136070.17,542412.594
601336.SH,20220111,39.87,40.45,39.77,39.87,40.02,-0.15,-0.3748,114230.38,457554.235
601336.SH,20220112,39.95,39.96,39.46,39.76,39.87,-0.11,-0.2759,83080.82,329876.901
601336.SH,20220113,39.78,40.28,39.52,39.61,39.76,-0.15,-0.3773,96611.85,385394.877
601336.SH,20220114,39.45,39.58,38.5,38.6,39.61,-1.01,-2.5499,144251.14,559953.769
601336.SH,20220117,38.6,38.75,38.12,38.41,38.6,-0.19,-0.4922,100285.99,384965.741
601336.SH,20220118,38.47,38.85,38.32,38.67,38.41,0.26,0.6769,79821.85,308170.288
601336.SH,20220119,38.5,39.1,38.5,38.78,38.67,0.11,0.2845,66213.24,257050.107
601336.SH,20220120,38.68,40.85,38.66,40.53,38.78,1.75,4.5126,356331.13,1430522.667
601336.SH,20220121,40.53,40.73,39.92,40.01,40.53,-0.52,-1.283,149316.17,599642.93
601336.SH,20220124,39.8,40.2,39.36,39.6,40.01,-0.41,-1.0247,115586.52,457705.529
601336.SH,20220125,39.45,39.58,38.68,38.82,39.6,-0.78,-1.9697,112943.28,442131.626
601336.SH,20220126,38.8,39.25,38.63,39.13,38.82,0.31,0.7986,85892.17,334697.619
601336.SH,20220127,38.97,39.02,38.29,38.3,39.13,-0.83,-2.1211,109266.49,420976.674
601336.SH,20220128,38.42,38.58,37.42,37.49,38.3,-0.81,-2.1149,144191.91,545299.605
601336.SH,20220207,38.04,38.51,37.81,38.34,37.49,0.85,2.2673,98158.85,374709.854
601336.SH,20220208,38.32,39.17,38.11,38.98,38.34,0.64,1.6693,115672.63,448407.994
601336.SH,20220209,38.91,39.45,38.81,38.97,38.98,-0.01,-0.0257,98074.95,383078.948
601336.SH,20220210,38.93,39.67,38.77,39.52,38.97,0.55,1.4113,119705.06,471758.151
601336.SH,20220211,39.5,41.59,39.33,40.81,39.52,1.29,3.2642,348210.13,1414792.752
601336.SH,20220214,40.56,40.66,39.52,39.79,40.81,-1.02,-2.4994,165430.34,659834.808
601336.SH,20220215,39.63,39.95,39.25,39.49,39.79,-0.3,-0.754,92403.95,365152.155
601336.SH,20220216,39.72,40.16,39.53,39.7,39.49,0.21,0.5318,77770.26,309383.037
601336.SH,20220217,39.58,39.9,39.2,39.34,39.7,-0.36,-0.9068,92031.36,363063.478
601336.SH,20220218,39.31,40.18,39.25,39.89,39.34,0.55,1.3981,113323.08,450413.821
601336.SH,20220221,39.71,40.06,39.3,39.97,39.89,0.08,0.2006,78597.74,312478.445
601336.SH,20220222,39.62,39.88,39.25,39.48,39.97,-0.49,-1.2259,86149.34,339952.256
601336.SH,20220223,39.48,39.72,39.06,39.3,39.48,-0.18,-0.4559,95495.76,374884.471
601336.SH,20220224,39.1,39.15,38.01,38.35,39.3,-0.95,-2.4173,140482.84,540686.013
601336.SH,20220225,38.54,38.76,38.15,38.34,38.35,-0.01,-0.0261,68108.34,262042.126
601336.SH,20220228,38.31,38.43,37.9,38.1,38.34,-0.24,-0.626,87003.08,331057.993
601336.SH,20220301,38.22,38.48,38.01,38.39,38.1,0.29,0.7612,82352.36,314804.981
601336.SH,20220302,38.12,38.32,38.09,38.26,38.39,-0.13,-0.3386,44643.64,170545.058
601336.SH,20220303,38.38,38.58,38.11,38.4,38.26,0.14,0.3659,64532.15,247645.915
601336.SH,20220304,38.21,38.29,37.85,38.26,38.4,-0.14,-0.3646,66842.05,254574.209
601336.SH,20220307,38.11,38.12,37.51,37.81,38.26,-0.45,-1.1762,88250.8,333558.342
601336.SH,20220308,37.81,38.0,36.27,36.45,37.81,-1.36,-3.5969,147509.82,544937.708
601336.SH,20220309,36.6,36.78,34.04,35.35,36.45,-1.1,-3.0178,135388.12,481155.988
601336.SH,20220310,36.09,36.2,35.2,35.2,35.35,-0.15,-0.4243,91404.98,325856.773
601336.SH,20220311,34.81,35.55,34.36,35.52,35.2,0.32,0.9091,96509.3,336623.23
601336.SH,20220314,34.9,35.4,34.8,34.8,35.52,-0.72,-2.027,67877.25,238200.84
601336.SH,20220315,34.66,34.68,32.1,32.18,34.8,-2.62,-7.5287,177861.14,592875.362
601336.SH,20220316,32.82,33.59,31.83,33.45,32.18,1.27,3.9466,132537.9,434060.135
601336.SH,20220317,34.2,34.55,33.4,33.97,33.45,0.52,1.5546,125422.73,425957.612
601336.SH,20220318,33.58,35.16,33.43,34.75,33.97,0.78,2.2961,130893.46,450200.608
601336.SH,20220321,34.38,34.5,33.88,34.21,34.75,-0.54,-1.554,86456.7,295855.95
601336.SH,20220322,33.82,34.73,33.75,34.43,34.21,0.22,0.6431,63320.15,217643.89
601336.SH,20220323,34.43,34.77,34.15,34.5,34.43,0.07,0.2033,65532.02,225912.511
601336.SH,20220324,34.33,34.84,34.19,34.56,34.5,0.06,0.1739,65424.95,226316.831
601336.SH,20220325,34.6,34.7,34.07,34.13,34.56,-0.43,-1.2442,55582.39,190858.181
601336.SH,20220328,33.78,34.39,33.43,34.31,34.13,0.18,0.5274,57233.17,194569.2
601336.SH,20220329,34.35,34.49,33.83,33.97,34.31,-0.34,-0.991,42171.0,143587.672
601336.SH,20220330,34.2,34.97,34.2,34.93,33.97,0.96,2.826,97491.86,337814.265
601336.SH,20220331,34.82,35.77,34.73,35.33,34.93,0.4,1.1451,98030.13,346408.15
601336.SH,20220401,35.3,35.83,34.93,35.72,35.33,0.39,1.1039,83778.27,297267.914
601336.SH,20220406,35.64,36.43,35.5,36.31,35.72,0.59,1.6517,100281.64,361977.84
601336.SH,20220407,36.29,36.43,35.57,35.57,36.31,-0.74,-2.038,83072.19,298831.121
601336.SH,20220408,35.65,36.17,35.5,35.99,35.57,0.42,1.1808,74462.28,267070.879
601336.SH,20220411,35.88,35.98,35.33,35.41,35.99,-0.58,-1.6116,68867.0,244985.834
601336.SH,20220412,35.4,36.3,35.12,35.9,35.41,0.49,1.3838,85182.24,304591.939
601336.SH,20220413,35.89,36.18,35.65,35.81,35.9,-0.09,-0.2507,57185.43,205260.221
601336.SH,20220414,36.0,36.21,35.65,35.81,35.81,0.0,0.0,60149.48,216141.375
601336.SH,20220415,35.65,36.15,35.61,35.83,35.81,0.02,0.0559,55132.93,198159.948
601336.SH,20220418,35.66,35.66,34.79,35.07,35.83,-0.76,-2.1211,59760.54,209463.118
601336.SH,20220419,35.18,35.27,34.69,34.9,35.07,-0.17,-0.4847,48182.42,168259.048
601336.SH,20220420,34.95,35.11,34.33,34.42,34.9,-0.48,-1.3754,42097.92,146010.166
601336.SH,20220421,34.3,35.15,34.21,34.45,34.42,0.03,0.0872,82140.5,285235.969
601336.SH,20220422,34.2,35.87,34.16,35.47,34.45,1.02,2.9608,118029.01,417128.653
601336.SH,20220425,32.6,33.5,31.92,31.92,35.47,-3.55,-10.0085,206130.88,665849.743
601336.SH,20220426,31.25,31.38,28.94,29.21,31.92,-2.71,-8.49,236394.74,701597.456
601336.SH,20220427,28.5,29.39,28.45,29.32,29.21,0.11,0.3766,139677.28,405639.505
601336.SH,20220428,29.03,29.64,29.01,29.4,29.32,0.08,0.2729,99623.63,292044.037
601336.SH,20220429,29.5,30.13,29.08,29.83,29.4,0.43,1.4626,100888.5,298155.487
601336.SH,20220505,29.6,29.81,28.85,28.87,29.83,-0.96,-3.2182,150665.74,439941.382
601336.SH,20220506,28.48,28.48,27.61,27.78,28.87,-1.09,-3.7755,125392.34,350508.699
601336.SH,20220509,27.74,28.19,27.61,28.19,27.78,0.41,1.4759,69617.38,194858.274
601336.SH,20220510,27.78,28.4,27.73,28.16,28.19,-0.03,-0.1064,95896.84,269412.017
601336.SH,20220511,28.23,28.69,28.11,28.23,28.16,0.07,0.2486,116821.53,331874.54
601336.SH,20220512,28.08,28.38,27.84,28.07,28.23,-0.16,-0.5668,70432.74,197896.27
601336.SH,20220513,28.27,28.55,28.06,28.27,28.07,0.2,0.7125,72363.47,204694.17
601336.SH,20220516,28.42,28.5,27.92,27.98,28.27,-0.29,-1.0258,66735.42,187421.384
601336.SH,20220517,27.98,28.08,27.75,28.05,27.98,0.07,0.2502,70143.44,195922.34
601336.SH,20220518,28.09,28.14,27.83,27.95,28.05,-0.1,-0.3565,64687.5,180574.404
601336.SH,20220519,27.5,27.65,27.32,27.65,27.95,-0.3,-1.0733,79336.07,218003.088
601336.SH,20220520,27.76,28.21,27.72,28.21,27.65,0.56,2.0253,104833.88,293703.571
601336.SH,20220523,28.16,28.3,28.04,28.22,28.21,0.01,0.0354,77054.42,216977.843
601336.SH,20220524,28.17,28.45,27.15,27.16,28.22,-1.06,-3.7562,133516.35,371425.212
601336.SH,20220525,27.17,27.41,27.13,27.38,27.16,0.22,0.81,76371.95,208268.156
601336.SH,20220526,27.41,27.96,27.32,27.9,27.38,0.52,1.8992,79918.84,220885.742
601336.SH,20220527,27.95,28.25,27.89,28.02,27.9,0.12,0.4301,86507.12,242864.555
601336.SH,20220530,28.16,28.33,27.91,28.05,28.02,0.03,0.1071,79495.6,223635.719
601336.SH,20220531,27.95,28.27,27.8,28.2,28.05,0.15,0.5348,82772.75,232897.813
601336.SH,20220601,28.13,28.27,27.95,28.08,28.2,-0.12,-0.4255,71903.73,202141.527
601336.SH,20220602,28.05,28.18,27.84,28.15,28.08,0.07,0.2493,68312.47,191377.275
601336.SH,20220606,28.13,28.46,27.94,28.4,28.15,0.25,0.8881,106229.46,300338.28
601336.SH,20220607,28.41,28.67,28.35,28.58,28.4,0.18,0.6338,108792.01,310039.927
601336.SH,20220608,28.6,29.26,28.5,28.93,28.58,0.35,1.2246,168375.11,484820.487
601336.SH,20220609,28.93,29.23,28.71,28.8,28.93,-0.13,-0.4494,130271.1,377103.772
601336.SH,20220610,28.56,29.43,28.39,29.3,28.8,0.5,1.7361,202137.77,585069.347
601336.SH,20220613,28.95,29.07,28.52,28.69,29.3,-0.61,-2.0819,129594.3,373049.229
601336.SH,20220614,28.4,29.83,28.27,29.83,28.69,1.14,3.9735,173717.08,503808.148
601336.SH,20220615,29.76,32.81,29.68,32.25,29.83,2.42,8.1126,553701.05,1764245.703
601336.SH,20220616,32.06,32.07,30.68,30.74,32.25,-1.51,-4.6822,329312.19,1026683.521
601336.SH,20220617,30.45,31.4,30.38,31.05,30.74,0.31,1.0085,196189.72,605712.796
601336.SH,20220620,30.88,31.35,30.66,31.01,31.05,-0.04,-0.1288,127311.78,394613.843
601336.SH,20220621,31.01,32.3,30.95,31.58,31.01,0.57,1.8381,174763.5,555124.059
601336.SH,20220622,31.35,31.93,31.19,31.42,31.58,-0.16,-0.5066,135948.04,428635.357
601336.SH,20220623,31.42,32.54,31.21,32.5,31.42,1.08,3.4373,184088.84,589395.501
601336.SH,20220624,32.25,32.79,32.17,32.51,32.5,0.01,0.0308,110633.51,358776.878
601336.SH,20220627,32.7,32.71,32.03,32.31,32.51,-0.2,-0.6152,112141.87,361823.925
601336.SH,20220628,32.18,32.26,31.74,32.13,32.31,-0.18,-0.5571,96673.91,309074.051
601336.SH,20220629,32.12,32.48,31.69,31.72,32.13,-0.41,-1.2761,92275.78,296064.061
601336.SH,20220630,31.7,32.4,31.65,32.19,31.72,0.47,1.4817,101191.18,325581.093
601336.SH,20220701,32.19,32.41,32.0,32.04,32.19,-0.15,-0.466,54467.78,174960.211
601336.SH,20220704,31.88,31.9,31.38,31.63,32.04,-0.41,-1.2797,116015.92,365889.455
601336.SH,20220705,31.67,32.63,31.65,32.01,31.63,0.38,1.2014,103573.37,332225.759
601336.SH,20220706,31.79,31.88,31.25,31.48,32.01,-0.53,-1.6557,75016.59,236219.065
601336.SH,20220707,31.43,31.59,31.35,31.39,31.48,-0.09,-0.2859,40867.97,128549.401
601336.SH,20220708,31.49,31.73,31.13,31.17,31.39,-0.22,-0.7009,46476.52,145801.204
601336.SH,20220711,31.16,31.16,30.51,30.69,31.17,-0.48,-1.5399,72752.46,223312.807
601336.SH,20220712,30.72,31.23,30.68,30.85,30.69,0.16,0.5213,52138.79,161194.692
601336.SH,20220713,30.87,31.09,30.37,30.6,30.85,-0.25,-0.8104,50915.69,156239.314
601336.SH,20220714,30.41,30.55,30.02,30.17,30.6,-0.43,-1.4052,66301.32,199804.192
601336.SH,20220715,30.0,30.37,29.5,29.52,30.17,-0.65,-2.1545,68590.08,205498.343
601336.SH,20220718,29.61,30.14,29.57,29.93,29.52,0.41,1.3889,58908.05,176228.555
601336.SH,20220719,29.91,30.09,29.65,30.0,29.93,0.07,0.2339,41051.49,122684.737
601336.SH,20220720,30.08,30.14,29.87,29.94,30.0,-0.06,-0.2,44576.04,133603.122
601336.SH,20220721,29.85,29.89,29.4,29.41,29.94,-0.53,-1.7702,47911.53,141641.446
601336.SH,20220722,29.56,29.88,29.07,29.44,29.41,0.03,0.102,53354.51,157208.382
601336.SH,20220725,29.38,29.44,29.09,29.32,29.44,-0.12,-0.4076,30025.36,87880.591
601336.SH,20220726,29.45,29.52,29.22,29.49,29.32,0.17,0.5798,29501.44,86793.551
601336.SH,20220727,29.46,29.46,28.88,28.98,29.49,-0.51,-1.7294,55397.73,161326.974
601336.SH,20220728,29.19,29.54,29.12,29.22,28.98,0.24,0.8282,46155.22,135357.3
601336.SH,20220729,29.34,29.48,28.92,29.0,29.22,-0.22,-0.7529,40970.11,119343.594
601336.SH,20220801,28.79,28.87,28.5,28.84,29.0,-0.16,-0.5517,43330.97,124401.55
601336.SH,20220802,28.64,28.66,27.7,28.06,28.84,-0.78,-2.7046,74278.56,208497.947
601336.SH,20220803,28.01,28.41,27.8,27.81,28.06,-0.25,-0.8909,53934.31,151245.325
601336.SH,20220804,28.06,28.45,27.98,28.4,27.81,0.59,2.1215,45752.17,129207.409
601336.SH,20220805,28.49,28.96,28.3,28.95,28.4,0.55,1.9366,49775.28,142657.591
601336.SH,20220808,28.94,29.15,28.61,28.81,28.95,-0.14,-0.4836,54326.84,156330.414
601336.SH,20220809,28.82,28.93,28.74,28.86,28.81,0.05,0.1736,55563.52,160238.861
601336.SH,20220810,27.31,27.44,26.81,26.88,27.42,-0.54,-1.9694,86276.98,233430.908
601336.SH,20220811,27.06,28.22,27.04,28.14,26.88,1.26,4.6875,116107.93,322454.254
601336.SH,20220812,27.92,28.38,27.78,28.13,28.14,-0.01,-0.0355,69102.31,194127.573
601336.SH,20220815,28.1,28.26,27.84,27.93,28.13,-0.2,-0.711,45191.56,126512.189
601336.SH,20220816,27.93,28.1,27.63,27.67,27.93,-0.26,-0.9309,38003.06,105658.682
601336.SH,20220817,27.78,28.21,27.6,28.14,27.67,0.47,1.6986,65266.91,182929.812
601336.SH,20220818,28.15,28.17,27.73,27.8,28.14,-0.34,-1.2082,42599.36,118723.598
601336.SH,20220819,27.8,28.2,27.78,27.79,27.8,-0.01,-0.036,43591.81,121965.369
601336.SH,20220822,27.71,28.05,27.68,27.8,27.79,0.01,0.036,43890.05,122314.053
601336.SH,20220823,27.84,27.93,27.4,27.71,27.8,-0.09,-0.3237,46165.25,127410.497
601336.SH,20220824,27.86,28.58,27.65,27.69,27.71,-0.02,-0.0722,131930.51,372011.557
601336.SH,20220825,27.65,28.5,27.5,28.48,27.69,0.79,2.853,104498.72,293567.621
601336.SH,20220826,28.38,28.45,27.87,28.2,28.48,-0.28,-0.9831,76794.89,215948.954
601336.SH,20220829,27.85,28.16,27.75,28.06,28.2,-0.14,-0.4965,48661.41,135869.588
601336.SH,20220830,28.03,28.51,27.89,28.34,28.06,0.28,0.9979,55945.1,158095.23
601336.SH,20220831,28.22,29.0,28.14,28.81,28.34,0.47,1.6584,117808.69,338603.861
601336.SH,20220901,28.71,29.2,28.61,28.85,28.81,0.04,0.1388,86875.67,251529.946
601336.SH,20220902,28.97,29.09,28.52,28.68,28.85,-0.17,-0.5893,62638.41,179848.38
601336.SH,20220905,28.68,28.97,28.41,28.92,28.68,0.24,0.8368,47019.77,135181.269
601336.SH,20220906,28.99,29.34,28.76,29.09,28.92,0.17,0.5878,59644.88,173099.387
601336.SH,20220907,29.07,29.07,28.74,28.87,29.09,-0.22,-0.7563,38501.86,111099.298
601336.SH,20220908,28.79,29.24,28.73,28.77,28.87,-0.1,-0.3464,45110.09,130461.495
601336.SH,20220909,28.75,29.42,28.7,29.25,28.77,0.48,1.6684,74019.99,216309.325
601336.SH,20220913,29.24,29.68,29.02,29.36,29.25,0.11,0.3761,69313.48,203875.907
601336.SH,20220914,29.0,29.42,28.89,28.98,29.36,-0.38,-1.2943,47865.51,139098.944
601336.SH,20220915,29.06,29.59,28.87,29.06,28.98,0.08,0.2761,71501.02,209061.7
601336.SH,20220916,28.83,29.0,27.63,27.7,29.06,-1.36,-4.68,106528.87,299313.736
601336.SH,20220919,27.52,27.88,27.34,27.48,27.7,-0.22,-0.7942,57412.03,158278.951
601336.SH,20220920,27.6,27.77,27.05,27.1,27.48,-0.38,-1.3828,60335.9,164662.876
601336.SH,20220921,27.15,27.7,26.83,27.5,27.1,0.4,1.476,53644.01,146674.965
601336.SH,20220922,27.29,27.68,27.15,27.35,27.5,-0.15,-0.5455,37355.86,102092.077
601336.SH,20220923,27.33,28.03,27.32,27.57,27.35,0.22,0.8044,55279.05,153442.674
601336.SH,20220926,27.43,27.79,26.83,26.85,27.57,-0.72,-2.6115,51112.37,138785.757
601336.SH,20220927,27.09,27.23,26.94,27.18,26.85,0.33,1.2291,34737.8,94116.728
601336.SH,20220928,27.16,27.51,27.0,27.14,27.18,-0.04,-0.1472,41465.02,113062.66
601336.SH,20220929,27.36,27.49,26.67,26.74,27.14,-0.4,-1.4738,49865.81,134594.6
601336.SH,20220930,26.83,27.18,26.83,26.94,26.74,0.2,0.7479,42496.34,114826.509
601336.SH,20221010,26.94,27.55,26.77,26.94,26.94,0.0,0.0,55296.03,150235.58
601336.SH,20221011,26.95,27.29,26.34,26.59,26.94,-0.35,-1.2992,56040.3,148817.493
601336.SH,20221012,26.58,27.27,26.45,27.24,26.59,0.65,2.4445,51678.53,138989.083
601336.SH,20221013,27.14,27.47,27.03,27.43,27.24,0.19,0.6975,42983.42,117248.404
601336.SH,20221014,27.59,27.79,27.46,27.59,27.43,0.16,0.5833,62174.44,171844.726
601336.SH,20221017,27.41,27.75,27.3,27.57,27.59,-0.02,-0.0725,45837.14,126322.415
601336.SH,20221018,27.76,27.78,27.2,27.26,27.57,-0.31,-1.1244,40366.95,110554.686
601336.SH,20221019,27.3,27.38,26.85,26.85,27.26,-0.41,-1.504,38791.52,104937.041
601336.SH,20221020,26.83,27.05,26.68,26.89,26.85,0.04,0.149,40338.64,108293.083
601336.SH,20221021,26.99,27.09,26.3,26.43,26.89,-0.46,-1.7107,55854.52,148839.613
601336.SH,20221024,26.51,26.6,24.99,25.06,26.43,-1.37,-5.1835,116714.89,298546.124
601336.SH,20221025,24.79,24.98,24.08,24.1,25.06,-0.96,-3.8308,109242.11,266867.449
601336.SH,20221026,24.1,24.49,24.02,24.14,24.1,0.04,0.166,67559.12,163653.123
601336.SH,20221027,24.2,24.61,24.16,24.41,24.14,0.27,1.1185,59769.34,145908.334
601336.SH,20221028,24.31,24.56,23.76,23.88,24.41,-0.53,-2.1712,68545.43,165803.45
601336.SH,20221031,23.19,23.69,22.8,23.37,23.88,-0.51,-2.1357,86537.41,200819.436
601336.SH,20221101,23.39,24.37,23.37,24.36,23.37,0.99,4.2362,83907.78,201366.029
601336.SH,20221102,24.05,24.51,24.01,24.34,24.36,-0.02,-0.0821,57527.12,139506.269
601336.SH,20221103,24.22,24.43,24.06,24.39,24.34,0.05,0.2054,43499.58,105337.752
601336.SH,20221104,24.37,25.35,24.31,25.18,24.39,0.79,3.239,84745.04,211723.327
601336.SH,20221107,25.03,25.88,24.93,25.67,25.18,0.49,1.946,73419.09,187564.588
601336.SH,20221108,25.67,25.78,25.46,25.7,25.67,0.03,0.1169,41160.9,105457.516
601336.SH,20221109,25.75,25.89,25.37,25.53,25.7,-0.17,-0.6615,35060.08,89646.184
601336.SH,20221110,25.29,25.78,25.21,25.63,25.53,0.1,0.3917,35854.95,91735.895
601336.SH,20221111,26.33,26.72,26.03,26.42,25.63,0.79,3.0823,98059.78,258464.977
601336.SH,20221114,26.88,27.2,26.62,26.79,26.42,0.37,1.4005,117131.76,315146.199
601336.SH,20221115,26.7,27.52,26.68,27.17,26.79,0.38,1.4184,98682.33,267731.8
601336.SH,20221116,27.17,27.27,26.77,26.83,27.17,-0.34,-1.2514,48754.68,131453.845
601336.SH,20221117,26.6,27.01,26.57,27.01,26.83,0.18,0.6709,47420.58,127271.507
601336.SH,20221118,27.02,27.16,26.69,26.7,27.01,-0.31,-1.1477,40767.75,109540.639
601336.SH,20221121,26.59,26.65,26.22,26.4,26.7,-0.3,-1.1236,43661.32,115159.851
601336.SH,20221122,26.47,27.19,26.31,26.97,26.4,0.57,2.1591,61103.12,163898.723
601336.SH,20221123,26.95,27.68,26.83,27.07,26.97,0.1,0.3708,81600.5,222913.548
601336.SH,20221124,27.12,27.47,26.83,26.85,27.07,-0.22,-0.8127,41204.52,111464.016
601336.SH,20221125,27.0,27.66,26.85,27.42,26.85,0.57,2.1229,74298.67,203845.022
601336.SH,20221128,27.0,27.25,26.67,27.16,27.42,-0.26,-0.9482,66482.71,179491.32
601336.SH,20221129,27.4,29.04,27.32,28.84,27.16,1.68,6.1856,180710.38,514712.473
601336.SH,20221130,28.6,29.49,28.5,28.68,28.84,-0.16,-0.5548,120363.34,347551.113
601336.SH,20221201,29.1,29.25,28.48,28.53,28.68,-0.15,-0.523,80750.46,232519.527
601336.SH,20221202,28.5,28.65,27.96,28.3,28.53,-0.23,-0.8062,75647.85,213768.544
601336.SH,20221205,28.93,30.5,28.5,30.43,28.3,2.13,7.5265,216788.83,646687.639
601336.SH,20221206,30.2,30.47,29.81,30.26,30.43,-0.17,-0.5587,123159.73,371127.771
601336.SH,20221207,30.0,30.45,29.6,30.1,30.26,-0.16,-0.5288,117977.85,354713.854
601336.SH,20221208,30.09,30.63,30.0,30.25,30.1,0.15,0.4983,80545.38,243472.041
601336.SH,20221209,30.09,30.58,29.75,30.51,30.25,0.26,0.8595,123037.01,371610.494
601336.SH,20221212,30.1,30.1,29.07,29.16,30.51,-1.35,-4.4248,127780.27,377222.185
601336.SH,20221213,29.16,29.45,29.1,29.32,29.16,0.16,0.5487,72441.38,212052.447
601336.SH,20221214,29.25,29.63,29.0,29.4,29.32,0.08,0.2729,60708.49,177950.997
601336.SH,20221215,29.3,29.6,28.76,29.06,29.4,-0.34,-1.1565,57591.06,167322.579
601336.SH,20221216,28.83,29.49,28.82,29.39,29.06,0.33,1.1356,79855.22,232977.099
601336.SH,20221219,29.15,29.36,28.14,28.26,29.39,-1.13,-3.8448,108580.16,309985.541
601336.SH,20221220,28.48,28.69,28.04,28.11,28.26,-0.15,-0.5308,60038.15,169904.213
601336.SH,20221221,28.22,28.67,28.07,28.48,28.11,0.37,1.3163,52003.36,147830.117
601336.SH,20221222,28.67,29.23,28.42,28.66,28.48,0.18,0.632,74219.86,214101.684
601336.SH,20221223,28.34,28.98,28.23,28.5,28.66,-0.16,-0.5583,54478.09,155931.53
601336.SH,20221226,28.49,28.67,28.02,28.13,28.5,-0.37,-1.2982,68619.21,193419.111
601336.SH,20221227,28.54,29.34,28.43,29.24,28.13,1.11,3.946,73866.07,214451.422
601336.SH,20221228,29.07,29.48,28.9,29.31,29.24,0.07,0.2394,67860.5,198436.864
601336.SH,20221229,29.1,29.25,28.62,29.04,29.31,-0.27,-0.9212,52413.37,151589.502
601336.SH,20221230,29.1,30.4,29.1,30.08,29.04,1.04,3.5813,113476.54,340722.412
601336.SH,20230103,30.06,30.16,29.27,30.11,30.08,0.03,0.0997,117649.83,351329.609
601336.SH,20230104,30.11,31.3,29.91,31.22,30.11,1.11,3.6865,172689.8,534273.951
601336.SH,20230105,31.39,32.35,31.3,31.94,31.22,0.72,2.3062,213773.72,682199.01
601336.SH,20230106,31.94,32.3,31.73,32.11,31.94,0.17,0.5322,172787.83,554022.631
601336.SH,20230109,32.43,32.75,31.8,32.55,32.11,0.44,1.3703,132754.8,429739.109
601336.SH,20230110,32.37,32.51,31.68,31.71,32.55,-0.84,-2.5806,115846.47,370230.636
601336.SH,20230111,31.94,32.82,31.7,32.45,31.71,0.74,2.3336,122502.53,396597.168
601336.SH,20230112,32.76,32.77,32.03,32.26,32.45,-0.19,-0.5855,77687.93,250661.249
601336.SH,20230113,32.6,33.9,32.22,33.89,32.26,1.63,5.0527,174848.26,582731.361
601336.SH,20230116,33.62,34.34,33.27,33.35,33.89,-0.54,-1.5934,224280.14,757747.8
601336.SH,20230117,33.28,33.4,32.76,33.06,33.35,-0.29,-0.8696,94164.85,310444.933
601336.SH,20230118,32.7,33.25,32.65,32.72,33.06,-0.34,-1.0284,87085.21,285678.467
601336.SH,20230119,32.75,33.0,32.52,33.0,32.72,0.28,0.8557,67906.84,222740.618
601336.SH,20230120,33.0,33.37,32.81,33.13,33.0,0.13,0.3939,60791.88,201230.278
601336.SH,20230130,33.6,33.86,31.62,31.77,33.13,-1.36,-4.105,224961.47,724086.842
601336.SH,20230131,31.75,32.05,30.85,31.12,31.77,-0.65,-2.046,225091.98,703538.465
601336.SH,20230201,31.12,31.39,30.78,31.19,31.12,0.07,0.2249,116422.79,361271.032
601336.SH,20230202,31.3,31.3,30.59,30.88,31.19,-0.31,-0.9939,107504.36,331354.657
601336.SH,20230203,30.7,30.7,30.21,30.45,30.88,-0.43,-1.3925,112142.29,340392.933
601336.SH,20230206,30.21,30.37,29.9,29.95,30.45,-0.5,-1.642,102639.0,308079.358
601336.SH,20230207,30.17,30.34,29.9,30.15,29.95,0.2,0.6678,103562.91,311919.233
601336.SH,20230208,30.18,30.62,30.02,30.04,30.15,-0.11,-0.3648,98190.57,297534.015
601336.SH,20230209,29.98,30.7,29.9,30.57,30.04,0.53,1.7643,97632.3,297380.412
601336.SH,20230210,30.5,30.62,30.17,30.5,30.57,-0.07,-0.229,63779.69,193816.246
601336.SH,20230213,30.5,30.8,29.81,30.79,30.5,0.29,0.9508,101328.08,309436.282
601336.SH,20230214,30.67,31.29,30.67,31.29,30.79,0.5,1.6239,96999.89,301022.157
601336.SH,20230215,31.17,31.27,30.66,30.82,31.29,-0.47,-1.5021,74706.06,230732.165
601336.SH,20230216,30.82,31.23,30.23,30.41,30.82,-0.41,-1.3303,107053.45,330465.664
601336.SH,20230217,30.27,31.01,30.25,30.36,30.41,-0.05,-0.1644,78209.52,239933.612
601336.SH,20230220,30.47,31.48,30.39,31.45,30.36,1.09,3.5903,129122.82,400730.427
601336.SH,20230221,31.3,31.64,31.05,31.63,31.45,0.18,0.5723,73487.07,230577.923
601336.SH,20230222,31.3,31.66,31.25,31.41,31.63,-0.22,-0.6955,58642.49,184367.829
601336.SH,20230223,31.27,31.73,31.19,31.33,31.41,-0.08,-0.2547,57445.33,180274.527
601336.SH,20230224,31.22,31.36,30.77,31.0,31.33,-0.33,-1.0533,55496.09,172010.114
601336.SH,20230227,30.89,31.06,30.59,30.76,31.0,-0.24,-0.7742,41267.07,127174.769
601336.SH,20230228,30.71,31.26,30.61,31.17,30.76,0.41,1.3329,56181.13,173799.904
601336.SH,20230301,31.06,32.25,30.97,32.22,31.17,1.05,3.3686,139904.75,445445.69
601336.SH,20230302,32.18,32.48,31.98,32.21,32.22,-0.01,-0.031,59543.6,191933.669
601336.SH,20230303,32.4,32.57,32.0,32.26,32.21,0.05,0.1552,65968.93,212951.1
601336.SH,20230306,32.38,32.45,31.64,31.84,32.26,-0.42,-1.3019,85578.0,272818.831
601336.SH,20230307,31.69,32.15,30.93,30.97,31.84,-0.87,-2.7324,94333.21,297222.494
601336.SH,20230308,30.81,30.93,30.52,30.79,30.97,-0.18,-0.5812,45819.66,140706.215
601336.SH,20230309,30.88,30.99,30.46,30.55,30.79,-0.24,-0.7795,47895.1,146807.233
601336.SH,20230310,30.26,30.52,29.82,29.83,30.55,-0.72,-2.3568,66791.9,200839.855
601336.SH,20230313,29.78,30.25,29.72,30.0,29.83,0.17,0.5699,66221.95,198065.799
601336.SH,20230314,29.81,29.81,29.13,29.35,30.0,-0.65,-2.1667,59567.05,175264.796
601336.SH,20230315,29.6,29.85,29.55,29.71,29.35,0.36,1.2266,38164.49,113410.908
601336.SH,20230316,29.33,29.51,29.12,29.2,29.71,-0.51,-1.7166,52522.06,154005.257
601336.SH,20230317,29.5,30.49,29.5,29.99,29.2,0.79,2.7055,86088.27,258374.753
601336.SH,20230320,29.78,30.61,29.6,29.6,29.99,-0.39,-1.3004,73212.43,220530.486
601336.SH,20230321,29.79,30.17,29.56,29.77,29.6,0.17,0.5743,56990.23,169686.146
601336.SH,20230322,29.84,30.2,29.8,29.98,29.77,0.21,0.7054,54198.44,162513.218
601336.SH,20230323,29.9,30.36,29.68,30.26,29.98,0.28,0.934,52750.56,158732.896
601336.SH,20230324,30.26,30.33,29.6,29.75,30.26,-0.51,-1.6854,60968.07,181772.35
601336.SH,20230327,29.64,29.7,28.92,29.36,29.75,-0.39,-1.3109,81121.78,237203.476
601336.SH,20230328,29.48,29.6,29.16,29.35,29.36,-0.01,-0.0341,42214.89,123813.267
601336.SH,20230329,29.59,29.68,28.92,29.0,29.35,-0.35,-1.1925,61407.51,179036.51
601336.SH,20230330,29.09,29.13,28.42,28.92,29.0,-0.08,-0.2759,68056.49,195529.998
601336.SH,20230331,29.62,30.9,29.36,30.5,28.92,1.58,5.4633,197224.14,597923.017
601336.SH,20230403,30.55,31.75,30.5,31.63,30.5,1.13,3.7049,188398.6,593263.256
601336.SH,20230404,31.54,31.89,31.4,31.79,31.63,0.16,0.5058,93369.85,296430.734
601336.SH,20230406,31.52,31.81,31.42,31.59,31.79,-0.2,-0.6291,70317.14,222398.158
601336.SH,20230407,31.6,31.97,31.43,31.47,31.59,-0.12,-0.3799,62432.08,197806.008
601336.SH,20230410,31.47,32.2,31.43,31.77,31.47,0.3,0.9533,91858.5,293145.227
601336.SH,20230411,31.9,32.09,31.4,31.72,31.77,-0.05,-0.1574,67130.9,212662.128
601336.SH,20230412,31.66,32.3,31.5,31.89,31.72,0.17,0.5359,74451.11,237889.803
601336.SH,20230413,31.88,32.15,31.52,32.09,31.89,0.2,0.6272,66296.33,211695.115
601336.SH,20230414,31.92,32.17,31.71,31.77,32.09,-0.32,-0.9972,56604.96,180354.93
601336.SH,20230417,31.78,32.73,31.44,32.7,31.77,0.93,2.9273,128806.57,417093.548
601336.SH,20230418,32.76,33.72,32.62,33.35,32.7,0.65,1.9878,182506.31,609118.842
601336.SH,20230419,33.51,33.63,33.08,33.14,33.35,-0.21,-0.6297,96506.04,321980.476
601336.SH,20230420,33.24,33.37,32.56,33.25,33.14,0.11,0.3319,91666.94,302138.034
601336.SH,20230421,33.2,33.24,32.27,32.35,33.25,-0.9,-2.7068,88890.17,290455.952
601336.SH,20230424,34.0,34.98,33.77,33.84,32.35,1.49,4.6059,269734.96,923137.028
601336.SH,20230425,34.06,34.6,33.28,33.84,33.84,0.0,0.0,149255.55,505511.59
601336.SH,20230426,33.61,33.85,33.1,33.5,33.84,-0.34,-1.0047,103010.18,343992.778
601336.SH,20230427,33.7,36.1,33.7,35.8,33.5,2.3,6.8657,312029.7,1103603.302
601336.SH,20230428,36.7,38.95,36.01,38.85,35.8,3.05,8.5196,586428.86,2227545.216
601336.SH,20230504,37.97,41.68,37.57,41.4,38.85,2.55,6.5637,595593.36,2385471.78
601336.SH,20230505,41.4,42.73,40.9,41.26,41.4,-0.14,-0.3382,397100.62,1646560.487
601336.SH,20230508,41.47,43.37,41.14,43.05,41.26,1.79,4.3383,408151.5,1732208.774
601336.SH,20230509,42.5,43.16,40.28,40.61,43.05,-2.44,-5.6678,477701.66,1987201.614
601336.SH,20230510,40.66,40.89,39.62,39.98,40.61,-0.63,-1.5513,308801.2,1237365.563
601336.SH,20230511,40.56,41.87,40.06,40.58,39.98,0.6,1.5008,232121.95,949011.158
601336.SH,20230512,40.62,40.81,39.44,39.52,40.58,-1.06,-2.6121,223770.76,894727.154
601336.SH,20230515,39.68,41.22,38.74,40.9,39.52,1.38,3.4919,369619.69,1478284.088
601336.SH,20230516,41.08,41.08,39.5,39.66,40.9,-1.24,-3.0318,245256.65,982346.934
601336.SH,20230517,39.6,39.8,38.6,38.96,39.66,-0.7,-1.765,199445.86,778307.747
601336.SH,20230518,39.04,39.82,38.73,39.38,38.96,0.42,1.078,148061.22,582421.69
601336.SH,20230519,39.09,39.62,38.56,38.93,39.38,-0.45,-1.1427,96335.86,375034.193
601336.SH,20230522,38.85,39.7,38.61,38.93,38.93,0.0,0.0,117438.84,459032.315
601336.SH,20230523,38.8,39.05,37.9,38.0,38.93,-0.93,-2.3889,129257.88,495200.876
601336.SH,20230524,38.0,38.29,36.96,37.1,38.0,-0.9,-2.3684,165892.78,620221.876
601336.SH,20230525,37.03,37.23,36.56,37.07,37.1,-0.03,-0.0809,125680.35,463260.808
601336.SH,20230526,37.0,37.49,36.5,37.11,37.07,0.04,0.1079,91302.01,338238.204
601336.SH,20230529,37.22,37.25,36.62,36.72,37.11,-0.39,-1.0509,95557.51,352208.212
601336.SH,20230530,36.75,37.5,36.52,37.13,36.72,0.41,1.1166,107826.24,399627.819
601336.SH,20230531,36.96,36.96,36.17,36.79,37.13,-0.34,-0.9157,101555.74,371616.43
601336.SH,20230601,36.58,37.38,36.26,36.78,36.79,-0.01,-0.0272,140779.05,518370.441
601336.SH,20230602,36.98,37.49,36.65,37.37,36.78,0.59,1.6041,166835.08,620689.566
601336.SH,20230605,37.21,37.62,36.55,37.22,37.37,-0.15,-0.4014,112473.91,417315.844
601336.SH,20230606,37.03,38.58,36.95,37.29,37.22,0.07,0.1881,184250.28,696482.301
601336.SH,20230607,37.27,38.08,37.12,37.44,37.29,0.15,0.4023,101154.81,379365.23
601336.SH,20230608,36.97,38.2,36.81,37.95,37.44,0.51,1.3622,140936.81,530399.045
601336.SH,20230609,37.95,38.21,37.57,37.65,37.95,-0.3,-0.7905,101094.02,382152.022
601336.SH,20230612,37.7,39.23,37.35,38.66,37.65,1.01,2.6826,222368.02,857730.431
601336.SH,20230613,38.61,39.17,38.0,38.81,38.66,0.15,0.388,110307.32,425790.518
601336.SH,20230614,38.8,39.43,38.2,38.54,38.81,-0.27,-0.6957,107041.32,413994.437
601336.SH,20230615,38.54,39.84,37.76,38.18,38.54,-0.36,-0.9341,190547.55,738743.372
601336.SH,20230616,38.29,38.54,37.84,38.23,38.18,0.05,0.131,110871.16,422552.711
601336.SH,20230619,38.24,38.25,37.0,37.27,38.23,-0.96,-2.5111,133303.25,498251.96
601336.SH,20230620,37.0,37.27,36.6,36.73,37.27,-0.54,-1.4489,101107.26,372092.42
601336.SH,20230621,36.87,37.05,36.22,36.22,36.73,-0.51,-1.3885,74843.98,274135.568
601336.SH,20230626,36.0,36.02,34.98,35.2,36.22,-1.02,-2.8161,118446.31,417881.073
601336.SH,20230627,35.28,36.18,35.12,35.92,35.2,0.72,2.0455,105022.99,374977.573
601336.SH,20230628,36.0,36.25,35.61,36.12,35.92,0.2,0.5568,60338.34,217039.561
601336.SH,20230629,36.34,36.76,35.68,36.38,36.12,0.26,0.7198,68399.99,247948.137
601336.SH,20230630,36.3,37.05,36.12,36.77,36.38,0.39,1.072,70061.96,257654.273
601336.SH,20230703,36.8,39.62,36.79,39.6,36.77,2.83,7.6965,255228.24,986385.676
601336.SH,20230704,39.34,40.12,39.19,39.65,39.6,0.05,0.1263,176257.9,698322.309
601336.SH,20230705,39.58,39.58,38.93,39.14,39.65,-0.51,-1.2863,97147.92,380939.115
601336.SH,20230706,38.99,40.11,38.85,39.42,39.14,0.28,0.7154,134949.57,533579.085
601336.SH,20230707,39.24,40.62,39.17,40.23,39.42,0.81,2.0548,170778.06,684032.55
601336.SH,20230710,40.54,40.66,38.86,39.23,40.23,-1.0,-2.4857,131847.8,519086.541
601336.SH,20230711,39.18,39.58,38.73,39.3,39.23,0.07,0.1784,84758.97,332331.727
601336.SH,20230712,39.68,40.33,39.24,39.62,39.3,0.32,0.8142,129373.02,515904.695
601336.SH,20230713,40.0,40.42,39.66,40.42,39.62,0.8,2.0192,141796.67,569110.804
601336.SH,20230714,40.38,40.63,39.77,40.31,40.42,-0.11,-0.2721,98132.68,394436.833
601336.SH,20230717,39.9,40.48,39.7,40.08,40.31,-0.23,-0.5706,76539.93,306178.923
601336.SH,20230718,40.2,40.2,39.69,39.8,40.08,-0.28,-0.6986,61828.62,246526.946
601336.SH,20230719,39.71,40.18,39.65,39.97,39.8,0.17,0.4271,75075.62,299738.479
601336.SH,20230720,40.08,40.18,38.6,38.68,39.97,-1.29,-3.2274,132261.34,516921.285
601336.SH,20230721,38.68,38.9,38.36,38.71,38.68,0.03,0.0776,75662.2,292347.053
601336.SH,20230724,38.42,38.98,38.17,38.39,38.71,-0.32,-0.8267,74689.27,287597.831
601336.SH,20230725,39.58,42.23,39.37,42.19,38.39,3.8,9.8984,360998.73,1487179.984
601336.SH,20230726,41.88,42.24,40.89,41.82,42.19,-0.37,-0.877,218075.67,908042.708
601336.SH,20230727,41.61,43.23,41.44,42.26,41.82,0.44,1.0521,202949.76,864531.366
601336.SH,20230728,42.0,45.95,41.82,45.58,42.26,3.32,7.8561,384861.64,1711799.841
601336.SH,20230731,45.55,46.68,44.98,45.42,45.58,-0.16,-0.351,401865.13,1839179.53
601336.SH,20230801,45.42,46.6,44.61,45.28,45.42,-0.14,-0.3082,229919.08,1046108.953
601336.SH,20230802,44.82,46.0,44.54,45.0,45.28,-0.28,-0.6184,173093.89,779935.979
601336.SH,20230803,44.7,47.1,44.46,47.0,45.0,2.0,4.4444,250626.88,1157535.381
601336.SH,20230804,47.5,49.11,46.72,46.8,47.0,-0.2,-0.4255,344324.48,1656641.485
601336.SH,20230807,45.97,46.12,44.96,45.46,46.8,-1.34,-2.8632,220261.41,1001362.804
601336.SH,20230808,45.22,45.46,43.99,45.1,45.46,-0.36,-0.7919,153257.85,685122.812
601336.SH,20230809,44.82,45.38,44.61,45.04,45.1,-0.06,-0.133,103154.18,464379.918
601336.SH,20230810,43.55,44.68,43.55,44.66,43.96,0.7,1.5924,107904.25,477476.473
601336.SH,20230811,44.47,45.45,42.68,42.85,44.66,-1.81,-4.0528,190192.3,829112.599
601336.SH,20230814,42.17,43.08,41.9,42.7,42.85,-0.15,-0.3501,135207.61,574017.526
601336.SH,20230815,42.6,43.89,42.5,43.31,42.7,0.61,1.4286,125836.74,545050.217
601336.SH,20230816,42.88,43.75,42.46,42.79,43.31,-0.52,-1.2006,111783.63,480278.579
601336.SH,20230817,42.57,42.88,42.01,42.35,42.79,-0.44,-1.0283,116864.01,495132.049
601336.SH,20230818,42.34,44.66,42.34,42.83,42.35,0.48,1.1334,181196.46,790542.596
601336.SH,20230821,43.0,43.0,41.16,41.23,42.83,-1.6,-3.7357,216447.61,899485.217
601336.SH,20230822,41.32,42.37,41.32,42.18,41.23,0.95,2.3041,115326.55,483342.073
601336.SH,20230823,42.0,42.3,41.4,41.54,42.18,-0.64,-1.5173,87494.54,365291.846
601336.SH,20230824,41.64,41.76,40.42,40.83,41.54,-0.71,-1.7092,129214.98,528530.222
601336.SH,20230825,40.62,42.21,40.28,41.67,40.83,0.84,2.0573,141631.04,584738.204
601336.SH,20230828,45.82,45.84,42.1,42.3,41.67,0.63,1.5119,276767.46,1202972.083
601336.SH,20230829,42.0,42.57,41.13,41.82,42.3,-0.48,-1.1348,168287.43,702246.812
601336.SH,20230830,41.81,42.09,40.5,40.99,41.82,-0.83,-1.9847,184273.74,758914.483
601336.SH,20230831,41.12,41.61,40.49,40.5,40.99,-0.49,-1.1954,130685.65,535015.381
601336.SH,20230901,40.76,42.65,40.76,41.97,40.5,1.47,3.6296,181695.86,760638.423
601336.SH,20230904,41.7,43.38,41.6,42.75,41.97,0.78,1.8585,197105.83,843161.652
601336.SH,20230905,42.52,42.61,40.91,41.01,42.75,-1.74,-4.0702,147151.33,607671.148
601336.SH,20230906,40.87,41.62,40.79,41.56,41.01,0.55,1.3411,87615.63,361598.567
601336.SH,20230907,41.2,41.33,40.68,40.8,41.56,-0.76,-1.8287,89169.86,365226.712
601336.SH,20230908,40.74,40.99,40.46,40.86,40.8,0.06,0.1471,46634.38,189946.718
601336.SH,20230911,41.16,41.99,40.82,41.56,40.86,0.7,1.7132,121545.56,503952.279
601336.SH,20230912,41.01,41.09,38.11,38.34,41.56,-3.22,-7.7478,397300.51,1549772.365
601336.SH,20230913,38.32,38.88,38.19,38.54,38.34,0.2,0.5216,186297.72,717485.179
601336.SH,20230914,38.68,38.84,38.03,38.25,38.54,-0.29,-0.7525,131309.0,502821.397
601336.SH,20230915,38.45,39.12,38.11,38.42,38.25,0.17,0.4444,128758.32,497390.141
601336.SH,20230918,38.19,38.38,37.63,38.25,38.42,-0.17,-0.4425,104199.9,397192.489
601336.SH,20230919,38.29,38.29,37.55,37.84,38.25,-0.41,-1.0719,112386.0,425896.08
601336.SH,20230920,37.8,37.8,37.15,37.6,37.84,-0.24,-0.6342,86469.0,324729.108
601336.SH,20230921,37.39,37.73,37.15,37.4,37.6,-0.2,-0.5319,88361.13,330747.335
601336.SH,20230922,37.15,37.97,37.1,37.86,37.4,0.46,1.2299,115997.33,435627.484
601336.SH,20230925,37.69,37.69,37.21,37.29,37.86,-0.57,-1.5055,93661.0,350142.197
601336.SH,20230926,37.27,37.54,37.17,37.31,37.29,0.02,0.0536,67101.78,250679.398
601336.SH,20230927,37.33,37.46,36.91,37.0,37.31,-0.31,-0.8309,78296.42,290373.03
601336.SH,20230928,37.13,37.28,36.73,36.83,37.0,-0.17,-0.4595,67740.0,250045.43
601336.SH,20231009,36.6,36.87,36.3,36.71,36.83,-0.12,-0.3258,79573.95,290777.694
601336.SH,20231010,36.88,36.98,35.94,36.05,36.71,-0.66,-1.7979,105485.72,382420.265
601336.SH,20231011,36.2,36.35,35.6,35.82,36.05,-0.23,-0.638,105957.36,379781.57
601336.SH,20231012,36.99,37.5,36.33,37.02,35.82,1.2,3.3501,225072.81,831424.486
601336.SH,20231013,36.47,36.91,35.83,36.72,37.02,-0.3,-0.8104,103715.24,379232.949
601336.SH,20231016,36.7,37.09,36.16,36.89,36.72,0.17,0.463,118615.19,435849.556
601336.SH,20231017,36.9,38.1,36.6,37.79,36.89,0.9,2.4397,193498.58,727542.918
601336.SH,20231018,37.48,37.81,37.1,37.1,37.79,-0.69,-1.8259,90667.03,338805.689
601336.SH,20231019,36.8,36.88,36.1,36.13,37.1,-0.97,-2.6146,95762.32,348080.431
601336.SH,20231020,35.8,36.49,35.71,35.83,36.13,-0.3,-0.8303,76656.66,275912.897
601336.SH,20231023,35.59,35.88,35.06,35.37,35.83,-0.46,-1.2838,84612.89,299425.168
601336.SH,20231024,35.71,35.86,35.21,35.62,35.37,0.25,0.7068,78737.54,279932.346
601336.SH,20231025,36.16,36.32,34.82,35.12,35.62,-0.5,-1.4037,134361.25,473645.892
601336.SH,20231026,34.66,35.3,34.6,35.12,35.12,0.0,0.0,66443.87,232511.816
601336.SH,20231027,34.47,34.65,33.3,34.38,35.12,-0.74,-2.1071,169261.56,575639.953
601336.SH,20231030,33.68,34.22,32.33,33.35,34.38,-1.03,-2.9959,271670.49,897464.057
601336.SH,20231031,33.25,33.75,33.1,33.4,33.35,0.05,0.1499,110588.99,369247.145
601336.SH,20231101,33.66,33.72,32.85,32.95,33.4,-0.45,-1.3473,89210.12,294801.584
601336.SH,20231102,32.89,33.28,32.51,32.55,32.95,-0.4,-1.214,84588.94,277945.691
601336.SH,20231103,32.63,32.76,32.41,32.52,32.55,-0.03,-0.0922,104384.82,339782.747
601336.SH,20231106,32.64,33.62,32.53,33.56,32.52,1.04,3.198,159089.68,529204.826
601336.SH,20231107,33.37,33.37,32.55,32.84,33.56,-0.72,-2.1454,153585.32,504380.83
601336.SH,20231108,32.75,33.1,32.61,32.75,32.84,-0.09,-0.2741,100644.5,330117.873
601336.SH,20231109,32.67,33.05,32.45,32.64,32.75,-0.11,-0.3359,115642.54,378021.345
601336.SH,20231110,32.5,32.52,31.8,32.0,32.64,-0.64,-1.9608,132244.26,422971.817
601336.SH,20231113,32.17,32.24,31.83,32.09,32.0,0.09,0.2813,83472.07,267280.455
601336.SH,20231114,32.09,32.35,31.88,32.08,32.09,-0.01,-0.0312,96079.48,307899.188
601336.SH,20231115,32.41,33.22,32.31,32.71,32.08,0.63,1.9638,199183.26,651825.687
601336.SH,20231116,32.52,32.59,32.18,32.33,32.71,-0.38,-1.1617,84321.74,272621.494
601336.SH,20231117,32.12,32.26,31.82,32.23,32.33,-0.1,-0.3093,77033.23,246666.22
601336.SH,20231120,32.21,32.61,32.07,32.38,32.23,0.15,0.4654,86198.46,278276.98
601336.SH,20231121,32.45,32.96,32.42,32.47,32.38,0.09,0.2779,124868.56,408124.216
601336.SH,20231122,32.29,32.49,32.08,32.08,32.47,-0.39,-1.2011,64088.6,206740.396
601336.SH,20231123,32.0,32.54,31.9,32.51,32.08,0.43,1.3404,76776.1,247586.245
601336.SH,20231124,32.51,32.6,31.96,32.04,32.51,-0.47,-1.4457,74621.1,240020.212
601336.SH,20231127,31.9,32.13,30.8,31.32,32.04,-0.72,-2.2472,171932.57,535414.671
601336.SH,20231128,31.29,32.18,31.22,31.29,31.32,-0.03,-0.0958,119116.43,376689.615
601336.SH,20231129,31.31,31.5,30.85,31.07,31.29,-0.22,-0.7031,90892.58,282153.462
601336.SH,20231130,31.53,31.88,31.1,31.25,31.07,0.18,0.5793,113502.04,356659.215
601336.SH,20231201,31.11,31.6,30.82,31.49,31.25,0.24,0.768,91698.62,285928.839
601336.SH,20231204,31.38,31.7,31.0,31.03,31.49,-0.46,-1.4608,81119.1,253404.244
601336.SH,20231205,30.85,30.99,30.23,30.23,31.03,-0.8,-2.5782,82567.54,252382.944
601336.SH,20231206,30.21,30.55,30.1,30.36,30.23,0.13,0.43,79846.4,242086.637
601336.SH,20231207,30.25,30.62,29.93,30.47,30.36,0.11,0.3623,85361.78,258748.863
601336.SH,20231208,30.29,30.63,30.16,30.16,30.47,-0.31,-1.0174,63964.84,194091.06
601336.SH,20231211,30.15,30.7,29.58,30.63,30.16,0.47,1.5584,102106.7,307156.714
601336.SH,20231212,30.52,31.02,30.37,31.0,30.63,0.37,1.208,94204.19,289817.728
601336.SH,20231213,30.87,30.9,30.26,30.3,31.0,-0.7,-2.2581,74561.38,227378.942
601336.SH,20231214,30.6,30.84,30.05,30.08,30.3,-0.22,-0.7261,56178.0,170367.497
601336.SH,20231215,30.2,30.8,30.08,30.12,30.08,0.04,0.133,76016.2,230529.824
601336.SH,20231218,29.94,30.17,29.38,29.82,30.12,-0.3,-0.996,63776.18,190365.469
601336.SH,20231219,29.72,29.93,29.54,29.85,29.82,0.03,0.1006,57786.39,171944.326
601336.SH,20231220,29.92,29.92,29.11,29.12,29.85,-0.73,-2.4456,80777.45,237876.402
601336.SH,20231221,29.01,29.57,28.98,29.44,29.12,0.32,1.0989,90631.27,265678.777
601336.SH,20231222,29.44,29.83,29.29,29.42,29.44,-0.02,-0.0679,90432.64,267004.493
601336.SH,20231225,29.3,29.63,29.13,29.4,29.42,-0.02,-0.068,68492.85,200868.824
601336.SH,20231226,29.39,29.54,29.11,29.5,29.4,0.1,0.3401,58664.88,172342.466
601336.SH,20231227,29.5,29.68,29.05,29.34,29.5,-0.16,-0.5424,75993.75,222485.775
601336.SH,20231228,29.25,31.12,29.21,31.1,29.34,1.76,5.9986,194482.84,591652.698
601336.SH,20231229,30.88,31.23,30.8,31.13,31.1,0.03,0.0965,131834.47,409204.476
601336.SH,20240102,31.08,31.34,30.8,31.2,31.13,0.07,0.2249,128784.89,400883.408
601336.SH,20240103,31.02,32.1,30.99,31.52,31.2,0.32,1.0256,156490.95,494205.614
601336.SH,20240104,31.44,31.85,30.56,30.95,31.52,-0.57,-1.8084,121957.97,378604.654
601336.SH,20240105,30.71,31.55,30.68,30.88,30.95,-0.07,-0.2262,121010.6,376442.709
601336.SH,20240108,30.83,30.98,29.94,30.17,30.88,-0.71,-2.2992,127169.48,385545.487
601336.SH,20240109,30.3,30.38,29.7,29.85,30.17,-0.32,-1.0607,78835.05,235869.442
601336.SH,20240110,29.8,29.83,29.22,29.28,29.85,-0.57,-1.9095,84075.62,247724.535
601336.SH,20240111,29.2,29.51,28.81,29.24,29.28,-0.04,-0.1366,111202.31,324375.467
601336.SH,20240112,29.01,29.1,28.3,28.59,29.24,-0.65,-2.223,117536.93,337013.168
601336.SH,20240115,28.29,28.9,27.94,28.52,28.59,-0.07,-0.2448,84612.18,239973.978
601336.SH,20240116,28.38,29.39,28.36,29.32,28.52,0.8,2.805,121382.55,351927.265
601336.SH,20240117,29.1,29.31,28.71,28.79,29.32,-0.53,-1.8076,88853.45,257649.713
601336.SH,20240118,28.55,29.17,27.92,29.09,28.79,0.3,1.042,158915.58,452796.811
601336.SH,20240119,28.89,29.07,28.45,28.83,29.09,-0.26,-0.8938,105300.78,303019.53
601336.SH,20240122,28.8,29.18,28.02,28.25,28.83,-0.58,-2.0118,143335.9,411885.841
601336.SH,20240123,28.05,28.5,27.35,28.2,28.25,-0.05,-0.177,122413.1,342093.042
601336.SH,20240124,28.21,29.75,28.02,29.49,28.2,1.29,4.5745,211094.54,609412.174
601336.SH,20240125,29.3,31.44,29.15,31.22,29.49,1.73,5.8664,296179.46,902948.004
601336.SH,20240126,31.1,31.69,30.81,31.37,31.22,0.15,0.4805,184552.02,576243.395
601336.SH,20240129,31.37,32.15,31.03,31.27,31.37,-0.1,-0.3188,220883.17,696698.398
601336.SH,20240130,30.81,31.13,30.13,30.21,31.27,-1.06,-3.3898,200035.09,611567.114
601336.SH,20240131,30.2,31.3,29.82,30.6,30.21,0.39,1.291,211417.68,645394.232
601336.SH,20240201,30.33,30.38,29.51,29.64,30.6,-0.96,-3.1373,187873.45,562997.105
601336.SH,20240202,29.65,29.95,28.39,29.2,29.64,-0.44,-1.4845,164083.34,481819.132
601336.SH,20240205,28.79,29.58,28.04,29.0,29.2,-0.2,-0.6849,168940.18,487725.226
601336.SH,20240206,29.0,30.21,28.04,30.05,29.0,1.05,3.6207,244872.15,712587.904
601336.SH,20240207,30.03,30.37,29.65,30.37,30.05,0.32,1.0649,218401.57,656516.638
601336.SH,20240208,30.7,31.05,30.11,30.59,30.37,0.22,0.7244,227200.02,694207.576
601336.SH,20240219,30.75,31.25,30.47,31.19,30.59,0.6,1.9614,186930.48,576599.894
601336.SH,20240220,30.9,31.2,30.64,31.05,31.19,-0.14,-0.4489,138287.66,427559.469
601336.SH,20240221,30.8,34.16,30.68,33.0,31.05,1.95,6.2802,386464.78,1265761.629
601336.SH,20240222,32.6,33.82,32.5,33.82,33.0,0.82,2.4848,263674.47,877799.713
601336.SH,20240223,33.8,34.4,33.55,33.73,33.82,-0.09,-0.2661,199232.38,673959.72
601336.SH,20240226,33.45,33.6,32.65,32.72,33.73,-1.01,-2.9944,161983.56,535084.208
601336.SH,20240227,32.6,32.92,32.4,32.92,32.72,0.2,0.6112,155119.64,505512.902
601336.SH,20240228,32.98,33.44,32.21,32.25,32.92,-0.67,-2.0352,212469.96,697809.096
601336.SH,20240229,32.0,32.8,31.94,32.8,32.25,0.55,1.7054,142172.62,461015.626
601336.SH,20240301,32.59,33.19,32.24,33.15,32.8,0.35,1.0671,192745.04,630802.514
601336.SH,20240304,32.53,32.53,31.31,31.69,33.15,-1.46,-4.4042,313289.23,993774.895
601336.SH,20240305,31.47,31.93,31.25,31.91,31.69,0.22,0.6942,240804.14,761105.745
601336.SH,20240306,31.68,31.91,31.43,31.6,31.91,-0.31,-0.9715,139827.03,442050.518
601336.SH,20240307,31.65,32.03,31.27,31.36,31.6,-0.24,-0.7595,168696.52,534491.396
601336.SH,20240308,31.3,31.46,30.86,31.44,31.36,0.08,0.2551,141374.32,440522.127
601336.SH,20240311,31.4,32.04,31.34,31.98,31.44,0.54,1.7176,161227.69,513043.936
601336.SH,20240312,31.98,32.59,31.76,32.32,31.98,0.34,1.0632,205251.11,659731.866
601336.SH,20240313,32.21,32.28,30.91,30.97,32.32,-1.35,-4.177,308223.23,961669.775
601336.SH,20240314,30.75,31.18,30.6,30.87,30.97,-0.1,-0.3229,123032.69,379696.156
601336.SH,20240315,30.8,30.92,30.58,30.83,30.87,-0.04,-0.1296,100582.07,309102.201
601336.SH,20240318,30.9,31.37,30.74,31.35,30.83,0.52,1.6867,137344.09,427725.319
601336.SH,20240319,31.21,31.59,31.0,31.03,31.35,-0.32,-1.0207,118779.86,370975.562
601336.SH,20240320,31.0,31.45,30.95,31.4,31.03,0.37,1.1924,101282.25,316314.493
601336.SH,20240321,31.45,32.1,31.17,31.51,31.4,0.11,0.3503,156217.21,494745.915
601336.SH,20240322,31.1,31.17,30.33,30.6,31.51,-0.91,-2.888,151705.86,465587.612
601336.SH,20240325,30.22,30.75,30.15,30.28,30.6,-0.32,-1.0458,80729.09,245792.177
601336.SH,20240326,30.2,30.66,30.19,30.66,30.28,0.38,1.255,83924.68,255256.031
601336.SH,20240327,30.5,30.6,30.07,30.23,30.66,-0.43,-1.4025,81644.26,247955.682
601336.SH,20240328,29.92,30.45,29.35,30.16,30.23,-0.07,-0.2316,107418.71,321544.699
601336.SH,20240329,29.91,30.65,29.71,29.82,30.16,-0.34,-1.1273,138814.06,418125.813
601336.SH,20240401,29.82,30.6,29.7,30.53,29.82,0.71,2.381,114405.74,346394.377
601336.SH,20240402,30.39,30.94,30.36,30.66,30.53,0.13,0.4258,115663.61,354765.752
601336.SH,20240403,30.56,30.79,30.37,30.52,30.66,-0.14,-0.4566,62791.68,191998.812
601336.SH,20240408,30.25,30.42,29.93,30.0,30.52,-0.52,-1.7038,63324.13,191023.456
601336.SH,20240409,29.95,30.2,29.67,29.81,30.0,-0.19,-0.6333,69480.14,207206.457
601336.SH,20240410,29.76,29.81,28.91,29.03,29.81,-0.78,-2.6166,79007.15,231434.885
601336.SH,20240411,28.87,29.29,28.75,29.05,29.03,0.02,0.0689,59874.23,173926.423
601336.SH,20240412,28.99,29.14,27.68,27.92,29.05,-1.13,-3.8898,142425.26,402125.511
601336.SH,20240415,27.92,29.19,27.87,29.16,27.92,1.24,4.4413,150108.99,431996.718
601336.SH,20240416,29.06,29.23,28.45,28.55,29.16,-0.61,-2.0919,99527.44,286550.097
601336.SH,20240417,28.63,29.22,28.28,29.22,28.55,0.67,2.3468,103410.36,298562.381
601336.SH,20240418,29.15,31.06,29.09,30.49,29.22,1.27,4.3463,258094.42,781525.021
601336.SH,20240419,30.16,30.57,29.82,29.95,30.49,-0.54,-1.7711,130871.77,394250.256
601336.SH,20240422,30.0,30.75,29.93,29.99,29.95,0.04,0.1336,115707.89,350997.024
601336.SH,20240423,29.94,30.18,29.4,29.54,29.99,-0.45,-1.5005,87763.41,260988.671
601336.SH,20240424,29.69,30.46,29.68,30.33,29.54,0.79,2.6743,130534.6,394087.305
601336.SH,20240425,30.19,30.6,29.96,30.39,30.33,0.06,0.1978,83197.94,251990.577
601336.SH,20240426,30.42,31.28,30.16,31.01,30.39,0.62,2.0401,180443.76,554567.765
601336.SH,20240429,30.92,32.26,30.89,31.62,31.01,0.61,1.9671,208390.49,659587.946
601336.SH,20240430,31.7,31.99,31.33,31.5,31.62,-0.12,-0.3795,141956.49,449197.39
601336.SH,20240506,32.75,33.21,32.21,32.49,31.5,0.99,3.1429,244724.54,797535.327
601336.SH,20240507,32.39,32.67,32.13,32.43,32.49,-0.06,-0.1847,115834.91,375169.152
601336.SH,20240508,32.39,32.39,31.56,31.61,32.43,-0.82,-2.5285,120136.14,383094.209
601336.SH,20240509,31.7,32.05,31.61,31.93,31.61,0.32,1.0123,79562.11,253299.274
601336.SH,20240510,32.1,32.85,32.08,32.6,31.93,0.67,2.0983,159685.27,520245.806
601336.SH,20240513,32.35,32.95,32.03,32.6,32.6,0.0,0.0,122233.12,397940.389
601336.SH,20240514,32.66,32.89,32.38,32.63,32.6,0.03,0.092,77957.93,254286.675
601336.SH,20240515,32.64,32.64,32.03,32.08,32.63,-0.55,-1.6856,87386.49,281770.436
601336.SH,20240516,32.18,33.61,32.13,33.3,32.08,1.22,3.803,216626.62,716260.763
601336.SH,20240517,33.48,34.6,32.92,34.5,33.3,1.2,3.6036,238408.64,804844.822
601336.SH,20240520,35.17,35.53,34.38,34.79,34.5,0.29,0.8406,294574.76,1029278.881
601336.SH,20240521,34.44,34.97,34.35,34.88,34.79,0.09,0.2587,130024.83,451330.146
601336.SH,20240522,34.72,35.66,34.55,35.15,34.88,0.27,0.7741,187988.35,661620.098
601336.SH,20240523,34.86,35.1,34.5,34.58,35.15,-0.57,-1.6216,126614.38,439725.885
601336.SH,20240524,34.35,34.79,33.9,33.99,34.58,-0.59,-1.7062,106749.15,366428.281
601336.SH,20240527,34.2,34.55,33.88,34.31,33.99,0.32,0.9415,91399.98,312690.745
601336.SH,20240528,34.14,34.23,32.95,33.05,34.31,-1.26,-3.6724,218101.71,728045.436
601336.SH,20240529,32.91,33.4,32.7,32.78,33.05,-0.27,-0.8169,102750.47,339136.092
601336.SH,20240530,32.5,32.94,32.15,32.37,32.78,-0.41,-1.2508,100221.42,325413.447
601336.SH,20240531,32.53,33.33,32.52,32.55,32.37,0.18,0.5561,88764.97,291775.698
601336.SH,20240603,32.56,32.93,32.2,32.5,32.55,-0.05,-0.1536,101670.71,330703.746
601336.SH,20240604,32.3,32.83,32.3,32.67,32.5,0.17,0.5231,100393.9,327418.159
601336.SH,20240605,32.7,32.95,32.46,32.52,32.67,-0.15,-0.4591,60380.54,197210.463
601336.SH,20240606,32.51,32.66,31.7,31.9,32.52,-0.62,-1.9065,126857.75,405998.99
601336.SH,20240607,31.96,32.29,31.48,31.86,31.9,-0.04,-0.1254,84668.94,269517.333
601336.SH,20240611,31.56,31.84,31.13,31.23,31.86,-0.63,-1.9774,83776.09,262181.13
601336.SH,20240612,31.1,31.33,30.88,31.07,31.23,-0.16,-0.5123,77844.18,241762.426
601336.SH,20240613,31.08,31.3,30.85,31.07,31.07,0.0,0.0,66809.22,207413.595
601336.SH,20240614,30.91,31.92,30.9,31.68,31.07,0.61,1.9633,109961.89,346178.261
601336.SH,20240617,31.4,31.5,31.04,31.28,31.68,-0.4,-1.2626,88234.53,276048.773
601336.SH,20240618,31.29,31.65,31.13,31.49,31.28,0.21,0.6714,98672.31,309858.991
601336.SH,20240619,31.51,31.66,31.02,31.23,31.49,-0.26,-0.8257,93506.0,292774.164
601336.SH,20240620,31.28,31.43,30.94,31.1,31.23,-0.13,-0.4163,81443.85,253480.243
601336.SH,20240621,30.95,31.28,30.92,31.1,31.1,0.0,0.0,64399.68,200141.749
601336.SH,20240624,30.9,31.03,30.33,30.49,31.1,-0.61,-1.9614,99939.78,305962.846
601336.SH,20240625,30.45,30.79,30.2,30.41,30.49,-0.08,-0.2624,82977.94,252857.594
601336.SH,20240626,30.3,30.52,30.18,30.44,30.41,0.03,0.0987,68465.93,207895.931
601336.SH,20240627,30.37,30.4,29.94,30.02,30.44,-0.42,-1.3798,70205.29,211321.228
601336.SH,20240628,30.01,30.39,29.92,30.03,30.02,0.01,0.0333,88187.04,266134.314
601336.SH,20240701,29.88,30.96,29.46,30.82,30.03,0.79,2.6307,149191.35,449537.213
601336.SH,20240702,30.62,31.85,30.6,31.27,30.82,0.45,1.4601,165962.39,521322.711
601336.SH,20240703,31.2,31.67,31.0,31.4,31.27,0.13,0.4157,75186.05,236081.059
601336.SH,20240704,31.49,31.59,30.9,30.97,31.4,-0.43,-1.3694,71716.48,223654.109
601336.SH,20240705,31.09,31.15,29.8,29.96,30.97,-1.01,-3.2612,131825.84,399077.69
601336.SH,20240708,29.93,30.25,29.66,29.86,29.96,-0.1,-0.3338,78979.84,236453.522
601336.SH,20240709,29.86,30.48,29.53,30.45,29.86,0.59,1.9759,91509.68,275019.243
601336.SH,20240710,30.31,31.08,30.31,30.73,30.45,0.28,0.9195,89424.3,275000.736
601336.SH,20240711,31.03,31.18,30.65,30.75,30.73,0.02,0.0651,93453.82,288460.913
601336.SH,20240712,30.82,31.33,30.82,31.04,30.75,0.29,0.9431,99283.34,308394.127
601336.SH,20240715,31.04,31.2,30.86,31.09,31.04,0.05,0.1611,67908.0,210750.413
601336.SH,20240716,30.9,31.01,29.91,30.35,31.09,-0.74,-2.3802,113674.43,343899.984
601336.SH,20240717,30.27,31.05,30.2,30.84,30.35,0.49,1.6145,106610.51,327851.987
601336.SH,20240718,30.75,31.15,30.43,31.13,30.84,0.29,0.9403,98720.56,304814.327
601336.SH,20240719,30.99,31.37,30.65,31.35,31.13,0.22,0.7067,123702.43,383932.29
601336.SH,20240722,31.19,31.35,30.7,31.1,31.35,-0.25,-0.7974,125180.37,388486.825
601336.SH,20240723,31.01,31.42,30.64,30.67,31.1,-0.43,-1.3826,111944.13,348181.396
601336.SH,20240724,30.67,30.84,30.46,30.57,30.67,-0.1,-0.3261,82607.15,253213.425
601336.SH,20240725,30.57,30.68,30.12,30.38,30.57,-0.19,-0.6215,72113.11,219299.649
601336.SH,20240726,30.3,31.04,30.24,30.65,30.38,0.27,0.8887,96112.18,294017.856
601336.SH,20240729,30.54,31.16,30.3,30.86,30.65,0.21,0.6852,72177.58,222193.417
601336.SH,20240730,30.73,30.79,30.4,30.69,30.86,-0.17,-0.5509,57516.23,175851.667
601336.SH,20240731,30.62,31.99,30.62,31.97,30.69,1.28,4.1707,165331.31,521312.777
601336.SH,20240801,31.96,32.23,31.64,31.91,31.97,-0.06,-0.1877,117302.84,374600.436
601336.SH,20240802,31.68,31.91,31.18,31.26,31.91,-0.65,-2.037,84764.13,266971.42
601336.SH,20240805,31.15,31.85,31.05,31.19,31.26,-0.07,-0.2239,103963.18,326495.904
601336.SH,20240806,31.43,31.5,29.96,30.26,31.19,-0.93,-2.9817,176478.41,538956.353
601336.SH,20240807,30.23,30.28,29.67,29.96,30.26,-0.3,-0.9914,79529.81,238878.316
601336.SH,20240808,29.93,30.23,29.74,29.86,29.96,-0.1,-0.3338,82738.44,247692.922
601336.SH,20240809,29.24,29.39,28.84,28.98,29.01,-0.03,-0.1034,80695.46,235339.366
601336.SH,20240812,28.9,28.95,28.51,28.81,28.98,-0.17,-0.5866,72696.94,208540.347
601336.SH,20240813,28.89,29.25,28.72,29.23,28.81,0.42,1.4578,62285.48,180653.344
601336.SH,20240814,29.24,29.42,28.86,28.92,29.23,-0.31,-1.0606,51464.37,149791.936
601336.SH,20240815,28.9,29.63,28.73,29.37,28.92,0.45,1.556,96297.71,282442.062
601336.SH,20240816,29.23,29.8,29.23,29.47,29.37,0.1,0.3405,83186.05,246024.932
601336.SH,20240819,29.45,30.32,29.45,30.26,29.47,0.79,2.6807,109632.6,329267.523
601336.SH,20240820,30.21,30.37,29.9,30.04,30.26,-0.22,-0.727,70243.3,211065.59
601336.SH,20240821,29.9,30.03,29.42,29.57,30.04,-0.47,-1.5646,68415.8,202615.051
601336.SH,20240822,29.66,29.83,29.38,29.39,29.57,-0.18,-0.6087,56056.0,165661.716
601336.SH,20240823,29.32,30.44,29.32,30.35,29.39,0.96,3.2664,105570.1,317601.09
601336.SH,20240826,30.32,30.6,30.04,30.5,30.35,0.15,0.4942,85055.49,257924.649
601336.SH,20240827,30.35,30.65,30.26,30.47,30.5,-0.03,-0.0984,63197.0,192390.597
601336.SH,20240828,30.39,30.45,30.05,30.28,30.47,-0.19,-0.6236,55379.25,167605.721
601336.SH,20240829,30.32,31.08,30.13,30.13,30.28,-0.15,-0.4954,124434.9,379944.625
601336.SH,20240830,31.1,33.14,31.02,33.05,30.13,2.92,9.6913,472919.12,1541438.725
601336.SH,20240902,32.88,33.66,32.78,33.16,33.05,0.11,0.3328,328759.81,1092671.814
601336.SH,20240903,33.13,33.25,32.6,32.85,33.16,-0.31,-0.9349,163158.28,536565.241
601336.SH,20240904,32.95,33.38,32.31,32.57,32.85,-0.28,-0.8524,156878.76,513802.016
601336.SH,20240905,32.49,33.18,32.44,33.1,32.57,0.53,1.6273,132378.93,435223.875
601336.SH,20240906,33.01,33.86,32.78,33.18,33.1,0.08,0.2417,161150.55,538902.402
601336.SH,20240909,32.73,33.3,32.56,32.68,33.18,-0.5,-1.5069,141266.54,463945.64
601336.SH,20240910,32.59,32.82,32.12,32.38,32.68,-0.3,-0.918,95592.1,309041.702
601336.SH,20240911,32.12,32.56,31.8,31.91,32.38,-0.47,-1.4515,105191.27,337038.166
601336.SH,20240912,32.15,32.24,31.58,31.95,31.91,0.04,0.1254,130966.43,418372.057
601336.SH,20240913,31.92,32.81,31.85,32.03,31.95,0.08,0.2504,122406.0,395561.892
601336.SH,20240918,31.94,32.76,31.9,32.51,32.03,0.48,1.4986,130373.45,422152.298
601336.SH,20240919,32.41,32.97,32.03,32.74,32.51,0.23,0.7075,138521.38,450907.546
601336.SH,20240920,32.64,32.94,32.48,32.79,32.74,0.05,0.1527,101813.97,333402.359
601336.SH,20240923,32.66,33.57,32.61,33.24,32.79,0.45,1.3724,121911.35,404090.481
601336.SH,20240924,33.61,36.19,33.2,36.08,33.24,2.84,8.5439,369548.37,1294449.054
601336.SH,20240925,37.7,38.55,36.9,37.03,36.08,0.95,2.633,433248.1,1629735.928
601336.SH,20240926,37.2,39.87,37.05,39.87,37.03,2.84,7.6695,389689.89,1498762.186
601336.SH,20240927,41.5,42.52,40.53,42.2,39.87,2.33,5.844,363433.79,1506833.764
601336.SH,20240930,45.1,46.42,44.31,46.42,42.2,4.22,10.0,494558.0,2261006.99
601336.SH,20241008,51.06,51.06,48.55,51.06,46.42,4.64,9.9957,670596.13,3397669.768
601336.SH,20241009,50.04,53.2,48.2,49.0,51.06,-2.06,-4.0345,838915.41,4264107.611
601336.SH,20241010,50.8,53.9,48.5,51.73,49.0,2.73,5.5714,734111.51,3763963.747
601336.SH,20241011,49.91,51.47,48.99,49.69,51.73,-2.04,-3.9436,379767.6,1898621.738
601336.SH,20241014,49.95,50.58,48.4,50.09,49.69,0.4,0.805,366020.8,1820967.129
601336.SH,20241015,49.7,50.8,47.96,48.1,50.09,-1.99,-3.9728,329523.45,1628330.411
601336.SH,20241016,47.1,48.51,46.95,47.24,48.1,-0.86,-1.7879,282049.06,1342321.945
601336.SH,20241017,48.0,49.18,47.15,47.3,47.24,0.06,0.127,256892.31,1234206.167
601336.SH,20241018,47.0,50.8,45.58,49.53,47.3,2.23,4.7146,532991.96,2556275.241
601336.SH,20241021,49.06,49.77,48.4,49.4,49.53,-0.13,-0.2625,294705.71,1449290.038
601336.SH,20241022,49.45,51.03,48.97,49.87,49.4,0.47,0.9514,253000.83,1259610.362
601336.SH,20241023,49.42,50.97,49.36,49.89,49.87,0.02,0.0401,336603.14,1687290.25
601336.SH,20241024,49.4,49.56,48.6,49.2,49.89,-0.69,-1.383,173131.95,850036.649
601336.SH,20241025,49.21,49.62,48.6,48.86,49.2,-0.34,-0.6911,151181.78,741129.629
601336.SH,20241028,48.82,48.98,48.16,48.65,48.86,-0.21,-0.4298,143240.71,695490.699
601336.SH,20241029,48.6,49.85,48.57,48.74,48.65,0.09,0.185,170255.22,837518.434
601336.SH,20241030,48.75,49.22,46.95,47.77,48.74,-0.97,-1.9902,204635.5,978278.593
601336.SH,20241031,48.26,49.35,47.64,48.01,47.77,0.24,0.5024,238190.36,1151369.771
601336.SH,20241101,48.64,48.95,47.21,47.76,48.01,-0.25,-0.5207,235214.34,1134390.489
601336.SH,20241104,47.62,48.31,47.01,48.3,47.76,0.54,1.1307,196528.26,936025.739
601336.SH,20241105,48.29,52.54,47.61,52.09,48.3,3.79,7.8468,530871.13,2678483.533
601336.SH,20241106,52.15,53.0,50.08,51.35,52.09,-0.74,-1.4206,491724.25,2532963.171
601336.SH,20241107,50.36,56.49,50.24,56.49,51.35,5.14,10.0097,618156.88,3292829.904
601336.SH,20241108,58.01,58.03,54.8,55.7,56.49,-0.79,-1.3985,572427.95,3227664.845
601336.SH,20241111,54.59,55.16,53.7,55.11,55.7,-0.59,-1.0592,382478.02,2079315.509
601336.SH,20241112,55.49,56.16,52.23,52.55,55.11,-2.56,-4.6453,388482.72,2091596.852
601336.SH,20241113,52.5,52.98,51.52,52.43,52.55,-0.12,-0.2284,226368.81,1183043.121
601336.SH,20241114,52.6,54.48,52.2,52.33,52.43,-0.1,-0.1907,280719.42,1493425.945
601336.SH,20241115,51.9,52.45,50.2,50.37,52.33,-1.96,-3.7455,232807.61,1197356.157
601336.SH,20241118,50.47,51.74,48.94,49.46,50.37,-0.91,-1.8066,260259.38,1305912.678
601336.SH,20241119,49.6,49.73,48.16,49.21,49.46,-0.25,-0.5055,236562.49,1157553.737
601336.SH,20241120,49.25,51.09,48.86,50.13,49.21,0.92,1.8695,210326.84,1048031.689
601336.SH,20241121,49.95,50.2,49.4,50.01,50.13,-0.12,-0.2394,130483.51,649091.738
601336.SH,20241122,50.0,50.24,47.0,47.01,50.01,-3.0,-5.9988,260754.84,1257904.434
601336.SH,20241125,47.04,47.21,45.61,46.31,47.01,-0.7,-1.489,219816.03,1018204.203
601336.SH,20241126,46.32,46.77,45.81,46.0,46.31,-0.31,-0.6694,104106.3,481429.25
601336.SH,20241127,45.68,46.95,45.58,46.92,46.0,0.92,2.0,146161.64,678035.95
601336.SH,20241128,47.0,47.69,46.48,46.55,46.92,-0.37,-0.7886,129724.81,609928.457
601336.SH,20241129,46.19,48.83,46.02,47.36,46.01,1.35,2.9341,232232.13,1101172.315
601336.SH,20241202,47.23,48.4,46.7,48.21,47.36,0.85,1.7948,184108.02,882970.156
601336.SH,20241203,48.08,49.15,47.69,48.77,48.21,0.56,1.1616,170657.99,826420.812
601336.SH,20241204,48.28,48.95,48.08,48.47,48.77,-0.3,-0.6151,117017.27,566964.763
601336.SH,20241205,48.25,48.6,47.9,48.0,48.47,-0.47,-0.9697,103739.44,499553.2
601336.SH,20241206,48.3,52.8,48.16,51.21,48.0,3.21,6.6875,481954.88,2461201.413
601336.SH,20241209,50.66,52.98,50.55,52.33,51.21,1.12,2.1871,419667.5,2179043.947
601336.SH,20241210,55.0,55.44,53.11,53.22,52.33,0.89,1.7007,455080.44,2471628.584
601336.SH,20241211,52.8,53.49,51.31,51.68,53.22,-1.54,-2.8936,246978.0,1285584.073
601336.SH,20241212,51.4,53.41,50.95,52.49,51.68,0.81,1.5673,268922.14,1403837.076
601336.SH,20241213,51.68,51.85,49.74,49.88,52.49,-2.61,-4.9724,263635.79,1334618.533
601336.SH,20241216,49.5,50.2,49.18,49.53,49.88,-0.35,-0.7017,150243.39,746218.472
601336.SH,20241217,49.39,50.37,49.2,49.37,49.53,-0.16,-0.323,164962.74,819909.672
601336.SH,20241218,49.74,50.58,49.39,49.65,49.37,0.28,0.5671,169396.37,847352.835
601336.SH,20241219,48.8,49.69,48.52,49.46,49.65,-0.19,-0.3827,141898.56,697106.354
601336.SH,20241220,49.4,50.13,48.84,49.64,49.46,0.18,0.3639,149909.14,742700.718
601336.SH,20241223,49.2,50.77,49.2,49.9,49.64,0.26,0.5238,200803.47,1006632.359
601336.SH,20241224,49.92,51.38,49.73,51.09,49.9,1.19,2.3848,255878.57,1301089.7
601336.SH,20241225,51.2,51.73,50.31,51.3,51.09,0.21,0.411,194544.6,991855.774
601336.SH,20241226,50.9,51.06,50.23,50.97,51.3,-0.33,-0.6433,149388.9,756883.054
601336.SH,20241227,50.8,51.17,49.65,50.59,50.97,-0.38,-0.7455,199425.9,1007843.785
601336.SH,20241230,50.41,52.0,50.35,51.99,50.59,1.4,2.7673,262533.57,1351106.214
601336.SH,20241231,51.91,52.2,49.7,49.7,51.99,-2.29,-4.4047,259585.91,1322413.89
